Q9; n=9; d=2*p^9+...; I=[ 1, 1, 0 ]; R=[ <1, 1>, <9, 0> ]; A=<t + 1>; f=x^9 + 6*x + 3; Aut=2T1; Gal=9T15
Q9; n=9; d=a^5*p^9+...; I=[ 1, 1, 0 ]; R=[ <1, 1>, <9, 0> ]; A=<t + a>; f=x^9 + 6*a*x + 3; Aut=1T1; Gal=9T15
Q9; n=9; d=a^6*p^9+...; I=[ 1, 1, 0 ]; R=[ <1, 1>, <9, 0> ]; A=<t + a^2>; f=x^9 + (6*a + 6)*x + 3; Aut=1T1; Gal=9T15
Q9; n=9; d=a^7*p^9+...; I=[ 1, 1, 0 ]; R=[ <1, 1>, <9, 0> ]; A=<t + a^3>; f=x^9 + (3*a + 6)*x + 3; Aut=1T1; Gal=9T15
Q9; n=9; d=1*p^9+...; I=[ 1, 1, 0 ]; R=[ <1, 1>, <9, 0> ]; A=<t + 2>; f=x^9 + 3*x + 3; Aut=2T1; Gal=9T15
Q9; n=9; d=a*p^9+...; I=[ 1, 1, 0 ]; R=[ <1, 1>, <9, 0> ]; A=<t + a^5>; f=x^9 + 3*a*x + 3; Aut=1T1; Gal=9T15
Q9; n=9; d=a^2*p^9+...; I=[ 1, 1, 0 ]; R=[ <1, 1>, <9, 0> ]; A=<t + a^6>; f=x^9 + (3*a + 3)*x + 3; Aut=1T1; Gal=9T15
Q9; n=9; d=a^3*p^9+...; I=[ 1, 1, 0 ]; R=[ <1, 1>, <9, 0> ]; A=<t + a^7>; f=x^9 + (6*a + 3)*x + 3; Aut=1T1; Gal=9T15
Q9; n=9; d=1*p^10+...; I=[ 2, 2, 0 ]; R=[ <1, 2>, <9, 0> ]; A=<t^2 + 1>; f=x^9 + 3*x^2 + 3; Aut=2T1; Gal=9T9
Q9; n=9; d=a*p^10+...; I=[ 2, 2, 0 ]; R=[ <1, 2>, <9, 0> ]; A=<t^2 + a>; f=x^9 + 3*a*x^2 + 3; Aut=1T1; Gal=9T15
Q9; n=9; d=a^2*p^10+...; I=[ 2, 2, 0 ]; R=[ <1, 2>, <9, 0> ]; A=<t^2 + a^2>; f=x^9 + (3*a + 3)*x^2 + 3; Aut=1T1; Gal=9T9
Q9; n=9; d=a^3*p^10+...; I=[ 2, 2, 0 ]; R=[ <1, 2>, <9, 0> ]; A=<t^2 + a^3>; f=x^9 + (6*a + 3)*x^2 + 3; Aut=1T1; Gal=9T15
Q9; n=9; d=2*p^10+...; I=[ 2, 2, 0 ]; R=[ <1, 2>, <9, 0> ]; A=<t^2 + 2>; f=x^9 + 6*x^2 + 3; Aut=2T1; Gal=9T9
Q9; n=9; d=a^5*p^10+...; I=[ 2, 2, 0 ]; R=[ <1, 2>, <9, 0> ]; A=<t^2 + a^5>; f=x^9 + 6*a*x^2 + 3; Aut=1T1; Gal=9T15
Q9; n=9; d=a^6*p^10+...; I=[ 2, 2, 0 ]; R=[ <1, 2>, <9, 0> ]; A=<t^2 + a^6>; f=x^9 + (6*a + 6)*x^2 + 3; Aut=1T1; Gal=9T9
Q9; n=9; d=a^7*p^10+...; I=[ 2, 2, 0 ]; R=[ <1, 2>, <9, 0> ]; A=<t^2 + a^7>; f=x^9 + (3*a + 6)*x^2 + 3; Aut=1T1; Gal=9T15
Q9; n=9; d=1*p^12+...; I=[ 4, 4, 0 ]; R=[ <1, 4>, <9, 0> ]; A=<t^4 + 1>; f=x^9 + 6*x^4 + 3; Aut=2T1; Gal=9T5
Q9; n=9; d=a*p^12+...; I=[ 4, 4, 0 ]; R=[ <1, 4>, <9, 0> ]; A=<t^4 + a>; f=x^9 + 6*a*x^4 + 3; Aut=1T1; Gal=9T15
Q9; n=9; d=a^2*p^12+...; I=[ 4, 4, 0 ]; R=[ <1, 4>, <9, 0> ]; A=<t^4 + a^2>; f=x^9 + (6*a + 6)*x^4 + 3; Aut=1T1; Gal=9T9
Q9; n=9; d=a^3*p^12+...; I=[ 4, 4, 0 ]; R=[ <1, 4>, <9, 0> ]; A=<t^4 + a^3>; f=x^9 + (3*a + 6)*x^4 + 3; Aut=1T1; Gal=9T15
Q9; n=9; d=2*p^12+...; I=[ 4, 4, 0 ]; R=[ <1, 4>, <9, 0> ]; A=<t^4 + 2>; f=x^9 + 3*x^4 + 3; Aut=2T1; Gal=9T5
Q9; n=9; d=a^5*p^12+...; I=[ 4, 4, 0 ]; R=[ <1, 4>, <9, 0> ]; A=<t^4 + a^5>; f=x^9 + 3*a*x^4 + 3; Aut=1T1; Gal=9T15
Q9; n=9; d=a^6*p^12+...; I=[ 4, 4, 0 ]; R=[ <1, 4>, <9, 0> ]; A=<t^4 + a^6>; f=x^9 + (3*a + 3)*x^4 + 3; Aut=1T1; Gal=9T9
Q9; n=9; d=a^7*p^12+...; I=[ 4, 4, 0 ]; R=[ <1, 4>, <9, 0> ]; A=<t^4 + a^7>; f=x^9 + (6*a + 3)*x^4 + 3; Aut=1T1; Gal=9T15
Q9; n=9; d=1*p^12+...; I=[ 4, 3, 0 ]; R=[ <1, 4>, <3, 3>, <9, 0> ]; A=<t^4 + t + 1>; f=x^9 + 6*x^4 + 6*x^3 + 3; Aut=2T1; Gal=9T11
Q9; n=9; d=1*p^12+...; I=[ 4, 3, 0 ]; R=[ <1, 4>, <3, 3>, <9, 0> ]; A=<t^4 + a*t + 1>; f=x^9 + 6*x^4 + 6*a*x^3 + 3; Aut=1T1; Gal=9T9
Q9; n=9; d=1*p^12+...; I=[ 4, 3, 0 ]; R=[ <1, 4>, <3, 3>, <9, 0> ]; A=<t^4 + a^2*t + 1>; f=x^9 + 6*x^4 + (6*a + 6)*x^3 + 3; Aut=1T1; Gal=9T11
Q9; n=9; d=1*p^12+...; I=[ 4, 3, 0 ]; R=[ <1, 4>, <3, 3>, <9, 0> ]; A=<t^4 + a^3*t + 1>; f=x^9 + 6*x^4 + (3*a + 6)*x^3 + 3; Aut=1T1; Gal=9T9
Q9; n=9; d=1*p^12+...; I=[ 4, 3, 0 ]; R=[ <1, 4>, <3, 3>, <9, 0> ]; A=<t^4 + 2*t + 1>; f=x^9 + 6*x^4 + 3*x^3 + 3; Aut=2T1; Gal=9T11
Q9; n=9; d=1*p^12+...; I=[ 4, 3, 0 ]; R=[ <1, 4>, <3, 3>, <9, 0> ]; A=<t^4 + a^5*t + 1>; f=x^9 + 6*x^4 + 3*a*x^3 + 3; Aut=1T1; Gal=9T9
Q9; n=9; d=1*p^12+...; I=[ 4, 3, 0 ]; R=[ <1, 4>, <3, 3>, <9, 0> ]; A=<t^4 + a^6*t + 1>; f=x^9 + 6*x^4 + (3*a + 3)*x^3 + 3; Aut=1T1; Gal=9T11
Q9; n=9; d=1*p^12+...; I=[ 4, 3, 0 ]; R=[ <1, 4>, <3, 3>, <9, 0> ]; A=<t^4 + a^7*t + 1>; f=x^9 + 6*x^4 + (6*a + 3)*x^3 + 3; Aut=1T1; Gal=9T9
Q9; n=9; d=a*p^12+...; I=[ 4, 3, 0 ]; R=[ <1, 4>, <3, 3>, <9, 0> ]; A=<t^4 + t + a>; f=x^9 + 6*a*x^4 + 6*x^3 + 3; Aut=1T1; Gal=9T8
Q9; n=9; d=a*p^12+...; I=[ 4, 3, 0 ]; R=[ <1, 4>, <3, 3>, <9, 0> ]; A=<t^4 + a*t + a>; f=x^9 + 6*a*x^4 + 6*a*x^3 + 3; Aut=1T1; Gal=9T15
Q9; n=9; d=a*p^12+...; I=[ 4, 3, 0 ]; R=[ <1, 4>, <3, 3>, <9, 0> ]; A=<t^4 + a^2*t + a>; f=x^9 + 6*a*x^4 + (6*a + 6)*x^3 + 3; Aut=1T1; Gal=9T8
Q9; n=9; d=a*p^12+...; I=[ 4, 3, 0 ]; R=[ <1, 4>, <3, 3>, <9, 0> ]; A=<t^4 + a^3*t + a>; f=x^9 + 6*a*x^4 + (3*a + 6)*x^3 + 3; Aut=1T1; Gal=9T15
Q9; n=9; d=a*p^12+...; I=[ 4, 3, 0 ]; R=[ <1, 4>, <3, 3>, <9, 0> ]; A=<t^4 + 2*t + a>; f=x^9 + 6*a*x^4 + 3*x^3 + 3; Aut=1T1; Gal=9T8
Q9; n=9; d=a*p^12+...; I=[ 4, 3, 0 ]; R=[ <1, 4>, <3, 3>, <9, 0> ]; A=<t^4 + a^5*t + a>; f=x^9 + 6*a*x^4 + 3*a*x^3 + 3; Aut=1T1; Gal=9T15
Q9; n=9; d=a*p^12+...; I=[ 4, 3, 0 ]; R=[ <1, 4>, <3, 3>, <9, 0> ]; A=<t^4 + a^6*t + a>; f=x^9 + 6*a*x^4 + (3*a + 3)*x^3 + 3; Aut=1T1; Gal=9T8
Q9; n=9; d=a*p^12+...; I=[ 4, 3, 0 ]; R=[ <1, 4>, <3, 3>, <9, 0> ]; A=<t^4 + a^7*t + a>; f=x^9 + 6*a*x^4 + (6*a + 3)*x^3 + 3; Aut=1T1; Gal=9T15
Q9; n=9; d=a^2*p^12+...; I=[ 4, 3, 0 ]; R=[ <1, 4>, <3, 3>, <9, 0> ]; A=<t^4 + t + a^2>; f=x^9 + (6*a + 6)*x^4 + 6*x^3 + 3; Aut=1T1; Gal=9T11
Q9; n=9; d=a^2*p^12+...; I=[ 4, 3, 0 ]; R=[ <1, 4>, <3, 3>, <9, 0> ]; A=<t^4 + a*t + a^2>; f=x^9 + (6*a + 6)*x^4 + 6*a*x^3 + 3; Aut=1T1; Gal=9T11
Q9; n=9; d=a^2*p^12+...; I=[ 4, 3, 0 ]; R=[ <1, 4>, <3, 3>, <9, 0> ]; A=<t^4 + a^2*t + a^2>; f=x^9 + (6*a + 6)*x^4 + (6*a + 6)*x^3 + 3; Aut=1T1; Gal=9T11
Q9; n=9; d=a^2*p^12+...; I=[ 4, 3, 0 ]; R=[ <1, 4>, <3, 3>, <9, 0> ]; A=<t^4 + a^3*t + a^2>; f=x^9 + (6*a + 6)*x^4 + (3*a + 6)*x^3 + 3; Aut=1T1; Gal=9T11
Q9; n=9; d=a^2*p^12+...; I=[ 4, 3, 0 ]; R=[ <1, 4>, <3, 3>, <9, 0> ]; A=<t^4 + 2*t + a^2>; f=x^9 + (6*a + 6)*x^4 + 3*x^3 + 3; Aut=1T1; Gal=9T11
Q9; n=9; d=a^2*p^12+...; I=[ 4, 3, 0 ]; R=[ <1, 4>, <3, 3>, <9, 0> ]; A=<t^4 + a^5*t + a^2>; f=x^9 + (6*a + 6)*x^4 + 3*a*x^3 + 3; Aut=1T1; Gal=9T11
Q9; n=9; d=a^2*p^12+...; I=[ 4, 3, 0 ]; R=[ <1, 4>, <3, 3>, <9, 0> ]; A=<t^4 + a^6*t + a^2>; f=x^9 + (6*a + 6)*x^4 + (3*a + 3)*x^3 + 3; Aut=1T1; Gal=9T11
Q9; n=9; d=a^2*p^12+...; I=[ 4, 3, 0 ]; R=[ <1, 4>, <3, 3>, <9, 0> ]; A=<t^4 + a^7*t + a^2>; f=x^9 + (6*a + 6)*x^4 + (6*a + 3)*x^3 + 3; Aut=1T1; Gal=9T11
Q9; n=9; d=a^3*p^12+...; I=[ 4, 3, 0 ]; R=[ <1, 4>, <3, 3>, <9, 0> ]; A=<t^4 + t + a^3>; f=x^9 + (3*a + 6)*x^4 + 6*x^3 + 3; Aut=1T1; Gal=9T8
Q9; n=9; d=a^3*p^12+...; I=[ 4, 3, 0 ]; R=[ <1, 4>, <3, 3>, <9, 0> ]; A=<t^4 + a*t + a^3>; f=x^9 + (3*a + 6)*x^4 + 6*a*x^3 + 3; Aut=1T1; Gal=9T15
Q9; n=9; d=a^3*p^12+...; I=[ 4, 3, 0 ]; R=[ <1, 4>, <3, 3>, <9, 0> ]; A=<t^4 + a^2*t + a^3>; f=x^9 + (3*a + 6)*x^4 + (6*a + 6)*x^3 + 3; Aut=1T1; Gal=9T8
Q9; n=9; d=a^3*p^12+...; I=[ 4, 3, 0 ]; R=[ <1, 4>, <3, 3>, <9, 0> ]; A=<t^4 + a^3*t + a^3>; f=x^9 + (3*a + 6)*x^4 + (3*a + 6)*x^3 + 3; Aut=1T1; Gal=9T15
Q9; n=9; d=a^3*p^12+...; I=[ 4, 3, 0 ]; R=[ <1, 4>, <3, 3>, <9, 0> ]; A=<t^4 + 2*t + a^3>; f=x^9 + (3*a + 6)*x^4 + 3*x^3 + 3; Aut=1T1; Gal=9T8
Q9; n=9; d=a^3*p^12+...; I=[ 4, 3, 0 ]; R=[ <1, 4>, <3, 3>, <9, 0> ]; A=<t^4 + a^5*t + a^3>; f=x^9 + (3*a + 6)*x^4 + 3*a*x^3 + 3; Aut=1T1; Gal=9T15
Q9; n=9; d=a^3*p^12+...; I=[ 4, 3, 0 ]; R=[ <1, 4>, <3, 3>, <9, 0> ]; A=<t^4 + a^6*t + a^3>; f=x^9 + (3*a + 6)*x^4 + (3*a + 3)*x^3 + 3; Aut=1T1; Gal=9T8
Q9; n=9; d=a^3*p^12+...; I=[ 4, 3, 0 ]; R=[ <1, 4>, <3, 3>, <9, 0> ]; A=<t^4 + a^7*t + a^3>; f=x^9 + (3*a + 6)*x^4 + (6*a + 3)*x^3 + 3; Aut=1T1; Gal=9T15
Q9; n=9; d=2*p^12+...; I=[ 4, 3, 0 ]; R=[ <1, 4>, <3, 3>, <9, 0> ]; A=<t^4 + t + 2>; f=x^9 + 3*x^4 + 6*x^3 + 3; Aut=2T1; Gal=9T9
Q9; n=9; d=2*p^12+...; I=[ 4, 3, 0 ]; R=[ <1, 4>, <3, 3>, <9, 0> ]; A=<t^4 + a*t + 2>; f=x^9 + 3*x^4 + 6*a*x^3 + 3; Aut=1T1; Gal=9T11
Q9; n=9; d=2*p^12+...; I=[ 4, 3, 0 ]; R=[ <1, 4>, <3, 3>, <9, 0> ]; A=<t^4 + a^2*t + 2>; f=x^9 + 3*x^4 + (6*a + 6)*x^3 + 3; Aut=1T1; Gal=9T9
Q9; n=9; d=2*p^12+...; I=[ 4, 3, 0 ]; R=[ <1, 4>, <3, 3>, <9, 0> ]; A=<t^4 + a^3*t + 2>; f=x^9 + 3*x^4 + (3*a + 6)*x^3 + 3; Aut=1T1; Gal=9T11
Q9; n=9; d=2*p^12+...; I=[ 4, 3, 0 ]; R=[ <1, 4>, <3, 3>, <9, 0> ]; A=<t^4 + 2*t + 2>; f=x^9 + 3*x^4 + 3*x^3 + 3; Aut=2T1; Gal=9T9
Q9; n=9; d=2*p^12+...; I=[ 4, 3, 0 ]; R=[ <1, 4>, <3, 3>, <9, 0> ]; A=<t^4 + a^5*t + 2>; f=x^9 + 3*x^4 + 3*a*x^3 + 3; Aut=1T1; Gal=9T11
Q9; n=9; d=2*p^12+...; I=[ 4, 3, 0 ]; R=[ <1, 4>, <3, 3>, <9, 0> ]; A=<t^4 + a^6*t + 2>; f=x^9 + 3*x^4 + (3*a + 3)*x^3 + 3; Aut=1T1; Gal=9T9
Q9; n=9; d=2*p^12+...; I=[ 4, 3, 0 ]; R=[ <1, 4>, <3, 3>, <9, 0> ]; A=<t^4 + a^7*t + 2>; f=x^9 + 3*x^4 + (6*a + 3)*x^3 + 3; Aut=1T1; Gal=9T11
Q9; n=9; d=a^5*p^12+...; I=[ 4, 3, 0 ]; R=[ <1, 4>, <3, 3>, <9, 0> ]; A=<t^4 + t + a^5>; f=x^9 + 3*a*x^4 + 6*x^3 + 3; Aut=1T1; Gal=9T15
Q9; n=9; d=a^5*p^12+...; I=[ 4, 3, 0 ]; R=[ <1, 4>, <3, 3>, <9, 0> ]; A=<t^4 + a*t + a^5>; f=x^9 + 3*a*x^4 + 6*a*x^3 + 3; Aut=1T1; Gal=9T8
Q9; n=9; d=a^5*p^12+...; I=[ 4, 3, 0 ]; R=[ <1, 4>, <3, 3>, <9, 0> ]; A=<t^4 + a^2*t + a^5>; f=x^9 + 3*a*x^4 + (6*a + 6)*x^3 + 3; Aut=1T1; Gal=9T15
Q9; n=9; d=a^5*p^12+...; I=[ 4, 3, 0 ]; R=[ <1, 4>, <3, 3>, <9, 0> ]; A=<t^4 + a^3*t + a^5>; f=x^9 + 3*a*x^4 + (3*a + 6)*x^3 + 3; Aut=1T1; Gal=9T8
Q9; n=9; d=a^5*p^12+...; I=[ 4, 3, 0 ]; R=[ <1, 4>, <3, 3>, <9, 0> ]; A=<t^4 + 2*t + a^5>; f=x^9 + 3*a*x^4 + 3*x^3 + 3; Aut=1T1; Gal=9T15
Q9; n=9; d=a^5*p^12+...; I=[ 4, 3, 0 ]; R=[ <1, 4>, <3, 3>, <9, 0> ]; A=<t^4 + a^5*t + a^5>; f=x^9 + 3*a*x^4 + 3*a*x^3 + 3; Aut=1T1; Gal=9T8
Q9; n=9; d=a^5*p^12+...; I=[ 4, 3, 0 ]; R=[ <1, 4>, <3, 3>, <9, 0> ]; A=<t^4 + a^6*t + a^5>; f=x^9 + 3*a*x^4 + (3*a + 3)*x^3 + 3; Aut=1T1; Gal=9T15
Q9; n=9; d=a^5*p^12+...; I=[ 4, 3, 0 ]; R=[ <1, 4>, <3, 3>, <9, 0> ]; A=<t^4 + a^7*t + a^5>; f=x^9 + 3*a*x^4 + (6*a + 3)*x^3 + 3; Aut=1T1; Gal=9T8
Q9; n=9; d=a^6*p^12+...; I=[ 4, 3, 0 ]; R=[ <1, 4>, <3, 3>, <9, 0> ]; A=<t^4 + t + a^6>; f=x^9 + (3*a + 3)*x^4 + 6*x^3 + 3; Aut=1T1; Gal=9T11
Q9; n=9; d=a^6*p^12+...; I=[ 4, 3, 0 ]; R=[ <1, 4>, <3, 3>, <9, 0> ]; A=<t^4 + a*t + a^6>; f=x^9 + (3*a + 3)*x^4 + 6*a*x^3 + 3; Aut=1T1; Gal=9T11
Q9; n=9; d=a^6*p^12+...; I=[ 4, 3, 0 ]; R=[ <1, 4>, <3, 3>, <9, 0> ]; A=<t^4 + a^2*t + a^6>; f=x^9 + (3*a + 3)*x^4 + (6*a + 6)*x^3 + 3; Aut=1T1; Gal=9T11
Q9; n=9; d=a^6*p^12+...; I=[ 4, 3, 0 ]; R=[ <1, 4>, <3, 3>, <9, 0> ]; A=<t^4 + a^3*t + a^6>; f=x^9 + (3*a + 3)*x^4 + (3*a + 6)*x^3 + 3; Aut=1T1; Gal=9T11
Q9; n=9; d=a^6*p^12+...; I=[ 4, 3, 0 ]; R=[ <1, 4>, <3, 3>, <9, 0> ]; A=<t^4 + 2*t + a^6>; f=x^9 + (3*a + 3)*x^4 + 3*x^3 + 3; Aut=1T1; Gal=9T11
Q9; n=9; d=a^6*p^12+...; I=[ 4, 3, 0 ]; R=[ <1, 4>, <3, 3>, <9, 0> ]; A=<t^4 + a^5*t + a^6>; f=x^9 + (3*a + 3)*x^4 + 3*a*x^3 + 3; Aut=1T1; Gal=9T11
Q9; n=9; d=a^6*p^12+...; I=[ 4, 3, 0 ]; R=[ <1, 4>, <3, 3>, <9, 0> ]; A=<t^4 + a^6*t + a^6>; f=x^9 + (3*a + 3)*x^4 + (3*a + 3)*x^3 + 3; Aut=1T1; Gal=9T11
Q9; n=9; d=a^6*p^12+...; I=[ 4, 3, 0 ]; R=[ <1, 4>, <3, 3>, <9, 0> ]; A=<t^4 + a^7*t + a^6>; f=x^9 + (3*a + 3)*x^4 + (6*a + 3)*x^3 + 3; Aut=1T1; Gal=9T11
Q9; n=9; d=a^7*p^12+...; I=[ 4, 3, 0 ]; R=[ <1, 4>, <3, 3>, <9, 0> ]; A=<t^4 + t + a^7>; f=x^9 + (6*a + 3)*x^4 + 6*x^3 + 3; Aut=1T1; Gal=9T15
Q9; n=9; d=a^7*p^12+...; I=[ 4, 3, 0 ]; R=[ <1, 4>, <3, 3>, <9, 0> ]; A=<t^4 + a*t + a^7>; f=x^9 + (6*a + 3)*x^4 + 6*a*x^3 + 3; Aut=1T1; Gal=9T8
Q9; n=9; d=a^7*p^12+...; I=[ 4, 3, 0 ]; R=[ <1, 4>, <3, 3>, <9, 0> ]; A=<t^4 + a^2*t + a^7>; f=x^9 + (6*a + 3)*x^4 + (6*a + 6)*x^3 + 3; Aut=1T1; Gal=9T15
Q9; n=9; d=a^7*p^12+...; I=[ 4, 3, 0 ]; R=[ <1, 4>, <3, 3>, <9, 0> ]; A=<t^4 + a^3*t + a^7>; f=x^9 + (6*a + 3)*x^4 + (3*a + 6)*x^3 + 3; Aut=1T1; Gal=9T8
Q9; n=9; d=a^7*p^12+...; I=[ 4, 3, 0 ]; R=[ <1, 4>, <3, 3>, <9, 0> ]; A=<t^4 + 2*t + a^7>; f=x^9 + (6*a + 3)*x^4 + 3*x^3 + 3; Aut=1T1; Gal=9T15
Q9; n=9; d=a^7*p^12+...; I=[ 4, 3, 0 ]; R=[ <1, 4>, <3, 3>, <9, 0> ]; A=<t^4 + a^5*t + a^7>; f=x^9 + (6*a + 3)*x^4 + 3*a*x^3 + 3; Aut=1T1; Gal=9T8
Q9; n=9; d=a^7*p^12+...; I=[ 4, 3, 0 ]; R=[ <1, 4>, <3, 3>, <9, 0> ]; A=<t^4 + a^6*t + a^7>; f=x^9 + (6*a + 3)*x^4 + (3*a + 3)*x^3 + 3; Aut=1T1; Gal=9T15
Q9; n=9; d=a^7*p^12+...; I=[ 4, 3, 0 ]; R=[ <1, 4>, <3, 3>, <9, 0> ]; A=<t^4 + a^7*t + a^7>; f=x^9 + (6*a + 3)*x^4 + (6*a + 3)*x^3 + 3; Aut=1T1; Gal=9T8
Q9; n=9; d=2*p^13+...; I=[ 5, 5, 0 ]; R=[ <1, 5>, <9, 0> ]; A=<t + 1>; f=x^9 + 3*x^5 + 3; Aut=2T1; Gal=9T15
Q9; n=9; d=a^5*p^13+...; I=[ 5, 5, 0 ]; R=[ <1, 5>, <9, 0> ]; A=<t + a>; f=x^9 + 3*a*x^5 + 3; Aut=1T1; Gal=9T15
Q9; n=9; d=a^6*p^13+...; I=[ 5, 5, 0 ]; R=[ <1, 5>, <9, 0> ]; A=<t + a^2>; f=x^9 + (3*a + 3)*x^5 + 3; Aut=1T1; Gal=9T15
Q9; n=9; d=a^7*p^13+...; I=[ 5, 5, 0 ]; R=[ <1, 5>, <9, 0> ]; A=<t + a^3>; f=x^9 + (6*a + 3)*x^5 + 3; Aut=1T1; Gal=9T15
Q9; n=9; d=1*p^13+...; I=[ 5, 5, 0 ]; R=[ <1, 5>, <9, 0> ]; A=<t + 2>; f=x^9 + 6*x^5 + 3; Aut=2T1; Gal=9T15
Q9; n=9; d=a*p^13+...; I=[ 5, 5, 0 ]; R=[ <1, 5>, <9, 0> ]; A=<t + a^5>; f=x^9 + 6*a*x^5 + 3; Aut=1T1; Gal=9T15
Q9; n=9; d=a^2*p^13+...; I=[ 5, 5, 0 ]; R=[ <1, 5>, <9, 0> ]; A=<t + a^6>; f=x^9 + (6*a + 6)*x^5 + 3; Aut=1T1; Gal=9T15
Q9; n=9; d=a^3*p^13+...; I=[ 5, 5, 0 ]; R=[ <1, 5>, <9, 0> ]; A=<t + a^7>; f=x^9 + (3*a + 6)*x^5 + 3; Aut=1T1; Gal=9T15
Q9; n=9; d=2*p^13+...; I=[ 5, 3, 0 ]; R=[ <1, 5>, <3, 3>, <9, 0> ]; A=<t^2 + 1, t^3 + 1>; f=x^9 + 3*a*x^6 + 3*x^5 + 6*x^3 + 3; Aut=3T1; Gal=9T12
Q9; n=9; d=2*p^13+...; I=[ 5, 3, 0 ]; R=[ <1, 5>, <3, 3>, <9, 0> ]; A=<t^2 + 1, t^3 + 1>; f=x^9 + 6*a*x^6 + 3*x^5 + 6*x^3 + 3; Aut=3T1; Gal=9T12
Q9; n=9; d=2*p^13+...; I=[ 5, 3, 0 ]; R=[ <1, 5>, <3, 3>, <9, 0> ]; A=<t^2 + 1, t^3 + 1>; f=x^9 + 3*x^5 + 6*x^3 + 3; Aut=6T2; Gal=9T12
Q9; n=9; d=2*p^13+...; I=[ 5, 3, 0 ]; R=[ <1, 5>, <3, 3>, <9, 0> ]; A=<a*t^2 + 1, t^3 + a>; f=x^9 + 3*x^5 + 6*a*x^3 + 3; Aut=1T1; Gal=9T18
Q9; n=9; d=2*p^13+...; I=[ 5, 3, 0 ]; R=[ <1, 5>, <3, 3>, <9, 0> ]; A=<a^2*t^2 + 1, t^3 + a^2>; f=x^9 + 3*x^6 + 3*x^5 + (6*a + 6)*x^3 + 3; Aut=3T1; Gal=9T20
Q9; n=9; d=2*p^13+...; I=[ 5, 3, 0 ]; R=[ <1, 5>, <3, 3>, <9, 0> ]; A=<a^2*t^2 + 1, t^3 + a^2>; f=x^9 + 6*x^6 + 3*x^5 + (6*a + 6)*x^3 + 3; Aut=3T1; Gal=9T20
Q9; n=9; d=2*p^13+...; I=[ 5, 3, 0 ]; R=[ <1, 5>, <3, 3>, <9, 0> ]; A=<a^2*t^2 + 1, t^3 + a^2>; f=x^9 + 3*x^5 + (6*a + 6)*x^3 + 3; Aut=3T1; Gal=9T20
Q9; n=9; d=2*p^13+...; I=[ 5, 3, 0 ]; R=[ <1, 5>, <3, 3>, <9, 0> ]; A=<a^3*t^2 + 1, t^3 + a^3>; f=x^9 + 3*x^5 + (3*a + 6)*x^3 + 3; Aut=1T1; Gal=9T18
Q9; n=9; d=2*p^13+...; I=[ 5, 3, 0 ]; R=[ <1, 5>, <3, 3>, <9, 0> ]; A=<2*t^2 + 1, t^3 + 2>; f=x^9 + 3*x^6 + 3*x^5 + 3*x^3 + 3; Aut=6T1; Gal=9T20
Q9; n=9; d=2*p^13+...; I=[ 5, 3, 0 ]; R=[ <1, 5>, <3, 3>, <9, 0> ]; A=<2*t^2 + 1, t^3 + 2>; f=x^9 + 6*x^6 + 3*x^5 + 3*x^3 + 3; Aut=6T1; Gal=9T20
Q9; n=9; d=2*p^13+...; I=[ 5, 3, 0 ]; R=[ <1, 5>, <3, 3>, <9, 0> ]; A=<2*t^2 + 1, t^3 + 2>; f=x^9 + 3*x^5 + 3*x^3 + 3; Aut=6T1; Gal=9T20
Q9; n=9; d=2*p^13+...; I=[ 5, 3, 0 ]; R=[ <1, 5>, <3, 3>, <9, 0> ]; A=<a^5*t^2 + 1, t^3 + a^5>; f=x^9 + 3*x^5 + 3*a*x^3 + 3; Aut=1T1; Gal=9T18
Q9; n=9; d=2*p^13+...; I=[ 5, 3, 0 ]; R=[ <1, 5>, <3, 3>, <9, 0> ]; A=<a^6*t^2 + 1, t^3 + a^6>; f=x^9 + 3*x^6 + 3*x^5 + (3*a + 3)*x^3 + 3; Aut=3T1; Gal=9T20
Q9; n=9; d=2*p^13+...; I=[ 5, 3, 0 ]; R=[ <1, 5>, <3, 3>, <9, 0> ]; A=<a^6*t^2 + 1, t^3 + a^6>; f=x^9 + 6*x^6 + 3*x^5 + (3*a + 3)*x^3 + 3; Aut=3T1; Gal=9T20
Q9; n=9; d=2*p^13+...; I=[ 5, 3, 0 ]; R=[ <1, 5>, <3, 3>, <9, 0> ]; A=<a^6*t^2 + 1, t^3 + a^6>; f=x^9 + 3*x^5 + (3*a + 3)*x^3 + 3; Aut=3T1; Gal=9T20
Q9; n=9; d=2*p^13+...; I=[ 5, 3, 0 ]; R=[ <1, 5>, <3, 3>, <9, 0> ]; A=<a^7*t^2 + 1, t^3 + a^7>; f=x^9 + 3*x^5 + (6*a + 3)*x^3 + 3; Aut=1T1; Gal=9T18
Q9; n=9; d=a^5*p^13+...; I=[ 5, 3, 0 ]; R=[ <1, 5>, <3, 3>, <9, 0> ]; A=<t^2 + a, t^3 + 1>; f=x^9 + 3*a*x^5 + 6*x^3 + 3; Aut=1T1; Gal=9T18
Q9; n=9; d=a^5*p^13+...; I=[ 5, 3, 0 ]; R=[ <1, 5>, <3, 3>, <9, 0> ]; A=<a*t^2 + a, t^3 + a>; f=x^9 + 3*x^6 + 3*a*x^5 + 6*a*x^3 + 3; Aut=3T1; Gal=9T20
Q9; n=9; d=a^5*p^13+...; I=[ 5, 3, 0 ]; R=[ <1, 5>, <3, 3>, <9, 0> ]; A=<a*t^2 + a, t^3 + a>; f=x^9 + 6*x^6 + 3*a*x^5 + 6*a*x^3 + 3; Aut=3T1; Gal=9T20
Q9; n=9; d=a^5*p^13+...; I=[ 5, 3, 0 ]; R=[ <1, 5>, <3, 3>, <9, 0> ]; A=<a*t^2 + a, t^3 + a>; f=x^9 + 3*a*x^5 + 6*a*x^3 + 3; Aut=3T1; Gal=9T20
Q9; n=9; d=a^5*p^13+...; I=[ 5, 3, 0 ]; R=[ <1, 5>, <3, 3>, <9, 0> ]; A=<a^2*t^2 + a, t^3 + a^2>; f=x^9 + 3*a*x^5 + (6*a + 6)*x^3 + 3; Aut=1T1; Gal=9T18
Q9; n=9; d=a^5*p^13+...; I=[ 5, 3, 0 ]; R=[ <1, 5>, <3, 3>, <9, 0> ]; A=<a^3*t^2 + a, t^3 + a^3>; f=x^9 + 3*a*x^6 + 3*a*x^5 + (3*a + 6)*x^3 + 3; Aut=3T1; Gal=9T20
Q9; n=9; d=a^5*p^13+...; I=[ 5, 3, 0 ]; R=[ <1, 5>, <3, 3>, <9, 0> ]; A=<a^3*t^2 + a, t^3 + a^3>; f=x^9 + 6*a*x^6 + 3*a*x^5 + (3*a + 6)*x^3 + 3; Aut=3T1; Gal=9T20
Q9; n=9; d=a^5*p^13+...; I=[ 5, 3, 0 ]; R=[ <1, 5>, <3, 3>, <9, 0> ]; A=<a^3*t^2 + a, t^3 + a^3>; f=x^9 + 3*a*x^5 + (3*a + 6)*x^3 + 3; Aut=3T1; Gal=9T20
Q9; n=9; d=a^5*p^13+...; I=[ 5, 3, 0 ]; R=[ <1, 5>, <3, 3>, <9, 0> ]; A=<2*t^2 + a, t^3 + 2>; f=x^9 + 3*a*x^5 + 3*x^3 + 3; Aut=1T1; Gal=9T18
Q9; n=9; d=a^5*p^13+...; I=[ 5, 3, 0 ]; R=[ <1, 5>, <3, 3>, <9, 0> ]; A=<a^5*t^2 + a, t^3 + a^5>; f=x^9 + 3*x^6 + 3*a*x^5 + 3*a*x^3 + 3; Aut=3T1; Gal=9T20
Q9; n=9; d=a^5*p^13+...; I=[ 5, 3, 0 ]; R=[ <1, 5>, <3, 3>, <9, 0> ]; A=<a^5*t^2 + a, t^3 + a^5>; f=x^9 + 6*x^6 + 3*a*x^5 + 3*a*x^3 + 3; Aut=3T1; Gal=9T20
Q9; n=9; d=a^5*p^13+...; I=[ 5, 3, 0 ]; R=[ <1, 5>, <3, 3>, <9, 0> ]; A=<a^5*t^2 + a, t^3 + a^5>; f=x^9 + 3*a*x^5 + 3*a*x^3 + 3; Aut=3T1; Gal=9T20
Q9; n=9; d=a^5*p^13+...; I=[ 5, 3, 0 ]; R=[ <1, 5>, <3, 3>, <9, 0> ]; A=<a^6*t^2 + a, t^3 + a^6>; f=x^9 + 3*a*x^5 + (3*a + 3)*x^3 + 3; Aut=1T1; Gal=9T18
Q9; n=9; d=a^5*p^13+...; I=[ 5, 3, 0 ]; R=[ <1, 5>, <3, 3>, <9, 0> ]; A=<a^7*t^2 + a, t^3 + a^7>; f=x^9 + 3*x^6 + 3*a*x^5 + (6*a + 3)*x^3 + 3; Aut=3T1; Gal=9T12
Q9; n=9; d=a^5*p^13+...; I=[ 5, 3, 0 ]; R=[ <1, 5>, <3, 3>, <9, 0> ]; A=<a^7*t^2 + a, t^3 + a^7>; f=x^9 + 6*x^6 + 3*a*x^5 + (6*a + 3)*x^3 + 3; Aut=3T1; Gal=9T12
Q9; n=9; d=a^5*p^13+...; I=[ 5, 3, 0 ]; R=[ <1, 5>, <3, 3>, <9, 0> ]; A=<a^7*t^2 + a, t^3 + a^7>; f=x^9 + 3*a*x^5 + (6*a + 3)*x^3 + 3; Aut=3T1; Gal=9T12
Q9; n=9; d=a^6*p^13+...; I=[ 5, 3, 0 ]; R=[ <1, 5>, <3, 3>, <9, 0> ]; A=<t^2 + a^2, t^3 + 1>; f=x^9 + 3*x^6 + (3*a + 3)*x^5 + 6*x^3 + 3; Aut=3T1; Gal=9T20
Q9; n=9; d=a^6*p^13+...; I=[ 5, 3, 0 ]; R=[ <1, 5>, <3, 3>, <9, 0> ]; A=<t^2 + a^2, t^3 + 1>; f=x^9 + 6*x^6 + (3*a + 3)*x^5 + 6*x^3 + 3; Aut=3T1; Gal=9T20
Q9; n=9; d=a^6*p^13+...; I=[ 5, 3, 0 ]; R=[ <1, 5>, <3, 3>, <9, 0> ]; A=<t^2 + a^2, t^3 + 1>; f=x^9 + (3*a + 3)*x^5 + 6*x^3 + 3; Aut=3T1; Gal=9T20
Q9; n=9; d=a^6*p^13+...; I=[ 5, 3, 0 ]; R=[ <1, 5>, <3, 3>, <9, 0> ]; A=<a*t^2 + a^2, t^3 + a>; f=x^9 + (3*a + 3)*x^5 + 6*a*x^3 + 3; Aut=1T1; Gal=9T18
Q9; n=9; d=a^6*p^13+...; I=[ 5, 3, 0 ]; R=[ <1, 5>, <3, 3>, <9, 0> ]; A=<a^2*t^2 + a^2, t^3 + a^2>; f=x^9 + 3*x^6 + (3*a + 3)*x^5 + (6*a + 6)*x^3 + 3; Aut=3T1; Gal=9T20
Q9; n=9; d=a^6*p^13+...; I=[ 5, 3, 0 ]; R=[ <1, 5>, <3, 3>, <9, 0> ]; A=<a^2*t^2 + a^2, t^3 + a^2>; f=x^9 + 6*x^6 + (3*a + 3)*x^5 + (6*a + 6)*x^3 + 3; Aut=3T1; Gal=9T20
Q9; n=9; d=a^6*p^13+...; I=[ 5, 3, 0 ]; R=[ <1, 5>, <3, 3>, <9, 0> ]; A=<a^2*t^2 + a^2, t^3 + a^2>; f=x^9 + (3*a + 3)*x^5 + (6*a + 6)*x^3 + 3; Aut=3T1; Gal=9T20
Q9; n=9; d=a^6*p^13+...; I=[ 5, 3, 0 ]; R=[ <1, 5>, <3, 3>, <9, 0> ]; A=<a^3*t^2 + a^2, t^3 + a^3>; f=x^9 + (3*a + 3)*x^5 + (3*a + 6)*x^3 + 3; Aut=1T1; Gal=9T18
Q9; n=9; d=a^6*p^13+...; I=[ 5, 3, 0 ]; R=[ <1, 5>, <3, 3>, <9, 0> ]; A=<2*t^2 + a^2, t^3 + 2>; f=x^9 + 3*x^6 + (3*a + 3)*x^5 + 3*x^3 + 3; Aut=3T1; Gal=9T20
Q9; n=9; d=a^6*p^13+...; I=[ 5, 3, 0 ]; R=[ <1, 5>, <3, 3>, <9, 0> ]; A=<2*t^2 + a^2, t^3 + 2>; f=x^9 + 6*x^6 + (3*a + 3)*x^5 + 3*x^3 + 3; Aut=3T1; Gal=9T20
Q9; n=9; d=a^6*p^13+...; I=[ 5, 3, 0 ]; R=[ <1, 5>, <3, 3>, <9, 0> ]; A=<2*t^2 + a^2, t^3 + 2>; f=x^9 + (3*a + 3)*x^5 + 3*x^3 + 3; Aut=3T1; Gal=9T20
Q9; n=9; d=a^6*p^13+...; I=[ 5, 3, 0 ]; R=[ <1, 5>, <3, 3>, <9, 0> ]; A=<a^5*t^2 + a^2, t^3 + a^5>; f=x^9 + (3*a + 3)*x^5 + 3*a*x^3 + 3; Aut=1T1; Gal=9T18
Q9; n=9; d=a^6*p^13+...; I=[ 5, 3, 0 ]; R=[ <1, 5>, <3, 3>, <9, 0> ]; A=<a^6*t^2 + a^2, t^3 + a^6>; f=x^9 + 3*a*x^6 + (3*a + 3)*x^5 + (3*a + 3)*x^3 + 3; Aut=3T1; Gal=9T12
Q9; n=9; d=a^6*p^13+...; I=[ 5, 3, 0 ]; R=[ <1, 5>, <3, 3>, <9, 0> ]; A=<a^6*t^2 + a^2, t^3 + a^6>; f=x^9 + 6*a*x^6 + (3*a + 3)*x^5 + (3*a + 3)*x^3 + 3; Aut=3T1; Gal=9T12
Q9; n=9; d=a^6*p^13+...; I=[ 5, 3, 0 ]; R=[ <1, 5>, <3, 3>, <9, 0> ]; A=<a^6*t^2 + a^2, t^3 + a^6>; f=x^9 + (3*a + 3)*x^5 + (3*a + 3)*x^3 + 3; Aut=3T1; Gal=9T12
Q9; n=9; d=a^6*p^13+...; I=[ 5, 3, 0 ]; R=[ <1, 5>, <3, 3>, <9, 0> ]; A=<a^7*t^2 + a^2, t^3 + a^7>; f=x^9 + (3*a + 3)*x^5 + (6*a + 3)*x^3 + 3; Aut=1T1; Gal=9T18
Q9; n=9; d=a^7*p^13+...; I=[ 5, 3, 0 ]; R=[ <1, 5>, <3, 3>, <9, 0> ]; A=<t^2 + a^3, t^3 + 1>; f=x^9 + (6*a + 3)*x^5 + 6*x^3 + 3; Aut=1T1; Gal=9T18
Q9; n=9; d=a^7*p^13+...; I=[ 5, 3, 0 ]; R=[ <1, 5>, <3, 3>, <9, 0> ]; A=<a*t^2 + a^3, t^3 + a>; f=x^9 + 3*a*x^6 + (6*a + 3)*x^5 + 6*a*x^3 + 3; Aut=3T1; Gal=9T20
Q9; n=9; d=a^7*p^13+...; I=[ 5, 3, 0 ]; R=[ <1, 5>, <3, 3>, <9, 0> ]; A=<a*t^2 + a^3, t^3 + a>; f=x^9 + 6*a*x^6 + (6*a + 3)*x^5 + 6*a*x^3 + 3; Aut=3T1; Gal=9T20
Q9; n=9; d=a^7*p^13+...; I=[ 5, 3, 0 ]; R=[ <1, 5>, <3, 3>, <9, 0> ]; A=<a*t^2 + a^3, t^3 + a>; f=x^9 + (6*a + 3)*x^5 + 6*a*x^3 + 3; Aut=3T1; Gal=9T20
Q9; n=9; d=a^7*p^13+...; I=[ 5, 3, 0 ]; R=[ <1, 5>, <3, 3>, <9, 0> ]; A=<a^2*t^2 + a^3, t^3 + a^2>; f=x^9 + (6*a + 3)*x^5 + (6*a + 6)*x^3 + 3; Aut=1T1; Gal=9T18
Q9; n=9; d=a^7*p^13+...; I=[ 5, 3, 0 ]; R=[ <1, 5>, <3, 3>, <9, 0> ]; A=<a^3*t^2 + a^3, t^3 + a^3>; f=x^9 + 3*x^6 + (6*a + 3)*x^5 + (3*a + 6)*x^3 + 3; Aut=3T1; Gal=9T20
Q9; n=9; d=a^7*p^13+...; I=[ 5, 3, 0 ]; R=[ <1, 5>, <3, 3>, <9, 0> ]; A=<a^3*t^2 + a^3, t^3 + a^3>; f=x^9 + 6*x^6 + (6*a + 3)*x^5 + (3*a + 6)*x^3 + 3; Aut=3T1; Gal=9T20
Q9; n=9; d=a^7*p^13+...; I=[ 5, 3, 0 ]; R=[ <1, 5>, <3, 3>, <9, 0> ]; A=<a^3*t^2 + a^3, t^3 + a^3>; f=x^9 + (6*a + 3)*x^5 + (3*a + 6)*x^3 + 3; Aut=3T1; Gal=9T20
Q9; n=9; d=a^7*p^13+...; I=[ 5, 3, 0 ]; R=[ <1, 5>, <3, 3>, <9, 0> ]; A=<2*t^2 + a^3, t^3 + 2>; f=x^9 + (6*a + 3)*x^5 + 3*x^3 + 3; Aut=1T1; Gal=9T18
Q9; n=9; d=a^7*p^13+...; I=[ 5, 3, 0 ]; R=[ <1, 5>, <3, 3>, <9, 0> ]; A=<a^5*t^2 + a^3, t^3 + a^5>; f=x^9 + 3*x^6 + (6*a + 3)*x^5 + 3*a*x^3 + 3; Aut=3T1; Gal=9T12
Q9; n=9; d=a^7*p^13+...; I=[ 5, 3, 0 ]; R=[ <1, 5>, <3, 3>, <9, 0> ]; A=<a^5*t^2 + a^3, t^3 + a^5>; f=x^9 + 6*x^6 + (6*a + 3)*x^5 + 3*a*x^3 + 3; Aut=3T1; Gal=9T12
Q9; n=9; d=a^7*p^13+...; I=[ 5, 3, 0 ]; R=[ <1, 5>, <3, 3>, <9, 0> ]; A=<a^5*t^2 + a^3, t^3 + a^5>; f=x^9 + (6*a + 3)*x^5 + 3*a*x^3 + 3; Aut=3T1; Gal=9T12
Q9; n=9; d=a^7*p^13+...; I=[ 5, 3, 0 ]; R=[ <1, 5>, <3, 3>, <9, 0> ]; A=<a^6*t^2 + a^3, t^3 + a^6>; f=x^9 + (6*a + 3)*x^5 + (3*a + 3)*x^3 + 3; Aut=1T1; Gal=9T18
Q9; n=9; d=a^7*p^13+...; I=[ 5, 3, 0 ]; R=[ <1, 5>, <3, 3>, <9, 0> ]; A=<a^7*t^2 + a^3, t^3 + a^7>; f=x^9 + 3*x^6 + (6*a + 3)*x^5 + (6*a + 3)*x^3 + 3; Aut=3T1; Gal=9T20
Q9; n=9; d=a^7*p^13+...; I=[ 5, 3, 0 ]; R=[ <1, 5>, <3, 3>, <9, 0> ]; A=<a^7*t^2 + a^3, t^3 + a^7>; f=x^9 + 6*x^6 + (6*a + 3)*x^5 + (6*a + 3)*x^3 + 3; Aut=3T1; Gal=9T20
Q9; n=9; d=a^7*p^13+...; I=[ 5, 3, 0 ]; R=[ <1, 5>, <3, 3>, <9, 0> ]; A=<a^7*t^2 + a^3, t^3 + a^7>; f=x^9 + (6*a + 3)*x^5 + (6*a + 3)*x^3 + 3; Aut=3T1; Gal=9T20
Q9; n=9; d=1*p^13+...; I=[ 5, 3, 0 ]; R=[ <1, 5>, <3, 3>, <9, 0> ]; A=<t^2 + 2, t^3 + 1>; f=x^9 + 3*x^6 + 6*x^5 + 6*x^3 + 3; Aut=6T1; Gal=9T20
Q9; n=9; d=1*p^13+...; I=[ 5, 3, 0 ]; R=[ <1, 5>, <3, 3>, <9, 0> ]; A=<t^2 + 2, t^3 + 1>; f=x^9 + 6*x^6 + 6*x^5 + 6*x^3 + 3; Aut=6T1; Gal=9T20
Q9; n=9; d=1*p^13+...; I=[ 5, 3, 0 ]; R=[ <1, 5>, <3, 3>, <9, 0> ]; A=<t^2 + 2, t^3 + 1>; f=x^9 + 6*x^5 + 6*x^3 + 3; Aut=6T1; Gal=9T20
Q9; n=9; d=1*p^13+...; I=[ 5, 3, 0 ]; R=[ <1, 5>, <3, 3>, <9, 0> ]; A=<a*t^2 + 2, t^3 + a>; f=x^9 + 6*x^5 + 6*a*x^3 + 3; Aut=1T1; Gal=9T18
Q9; n=9; d=1*p^13+...; I=[ 5, 3, 0 ]; R=[ <1, 5>, <3, 3>, <9, 0> ]; A=<a^2*t^2 + 2, t^3 + a^2>; f=x^9 + 3*x^6 + 6*x^5 + (6*a + 6)*x^3 + 3; Aut=3T1; Gal=9T20
Q9; n=9; d=1*p^13+...; I=[ 5, 3, 0 ]; R=[ <1, 5>, <3, 3>, <9, 0> ]; A=<a^2*t^2 + 2, t^3 + a^2>; f=x^9 + 6*x^6 + 6*x^5 + (6*a + 6)*x^3 + 3; Aut=3T1; Gal=9T20
Q9; n=9; d=1*p^13+...; I=[ 5, 3, 0 ]; R=[ <1, 5>, <3, 3>, <9, 0> ]; A=<a^2*t^2 + 2, t^3 + a^2>; f=x^9 + 6*x^5 + (6*a + 6)*x^3 + 3; Aut=3T1; Gal=9T20
Q9; n=9; d=1*p^13+...; I=[ 5, 3, 0 ]; R=[ <1, 5>, <3, 3>, <9, 0> ]; A=<a^3*t^2 + 2, t^3 + a^3>; f=x^9 + 6*x^5 + (3*a + 6)*x^3 + 3; Aut=1T1; Gal=9T18
Q9; n=9; d=1*p^13+...; I=[ 5, 3, 0 ]; R=[ <1, 5>, <3, 3>, <9, 0> ]; A=<2*t^2 + 2, t^3 + 2>; f=x^9 + 3*a*x^6 + 6*x^5 + 3*x^3 + 3; Aut=3T1; Gal=9T12
Q9; n=9; d=1*p^13+...; I=[ 5, 3, 0 ]; R=[ <1, 5>, <3, 3>, <9, 0> ]; A=<2*t^2 + 2, t^3 + 2>; f=x^9 + 6*a*x^6 + 6*x^5 + 3*x^3 + 3; Aut=3T1; Gal=9T12
Q9; n=9; d=1*p^13+...; I=[ 5, 3, 0 ]; R=[ <1, 5>, <3, 3>, <9, 0> ]; A=<2*t^2 + 2, t^3 + 2>; f=x^9 + 6*x^5 + 3*x^3 + 3; Aut=6T2; Gal=9T12
Q9; n=9; d=1*p^13+...; I=[ 5, 3, 0 ]; R=[ <1, 5>, <3, 3>, <9, 0> ]; A=<a^5*t^2 + 2, t^3 + a^5>; f=x^9 + 6*x^5 + 3*a*x^3 + 3; Aut=1T1; Gal=9T18
Q9; n=9; d=1*p^13+...; I=[ 5, 3, 0 ]; R=[ <1, 5>, <3, 3>, <9, 0> ]; A=<a^6*t^2 + 2, t^3 + a^6>; f=x^9 + 3*x^6 + 6*x^5 + (3*a + 3)*x^3 + 3; Aut=3T1; Gal=9T20
Q9; n=9; d=1*p^13+...; I=[ 5, 3, 0 ]; R=[ <1, 5>, <3, 3>, <9, 0> ]; A=<a^6*t^2 + 2, t^3 + a^6>; f=x^9 + 6*x^6 + 6*x^5 + (3*a + 3)*x^3 + 3; Aut=3T1; Gal=9T20
Q9; n=9; d=1*p^13+...; I=[ 5, 3, 0 ]; R=[ <1, 5>, <3, 3>, <9, 0> ]; A=<a^6*t^2 + 2, t^3 + a^6>; f=x^9 + 6*x^5 + (3*a + 3)*x^3 + 3; Aut=3T1; Gal=9T20
Q9; n=9; d=1*p^13+...; I=[ 5, 3, 0 ]; R=[ <1, 5>, <3, 3>, <9, 0> ]; A=<a^7*t^2 + 2, t^3 + a^7>; f=x^9 + 6*x^5 + (6*a + 3)*x^3 + 3; Aut=1T1; Gal=9T18
Q9; n=9; d=a*p^13+...; I=[ 5, 3, 0 ]; R=[ <1, 5>, <3, 3>, <9, 0> ]; A=<t^2 + a^5, t^3 + 1>; f=x^9 + 6*a*x^5 + 6*x^3 + 3; Aut=1T1; Gal=9T18
Q9; n=9; d=a*p^13+...; I=[ 5, 3, 0 ]; R=[ <1, 5>, <3, 3>, <9, 0> ]; A=<a*t^2 + a^5, t^3 + a>; f=x^9 + 3*x^6 + 6*a*x^5 + 6*a*x^3 + 3; Aut=3T1; Gal=9T20
Q9; n=9; d=a*p^13+...; I=[ 5, 3, 0 ]; R=[ <1, 5>, <3, 3>, <9, 0> ]; A=<a*t^2 + a^5, t^3 + a>; f=x^9 + 6*x^6 + 6*a*x^5 + 6*a*x^3 + 3; Aut=3T1; Gal=9T20
Q9; n=9; d=a*p^13+...; I=[ 5, 3, 0 ]; R=[ <1, 5>, <3, 3>, <9, 0> ]; A=<a*t^2 + a^5, t^3 + a>; f=x^9 + 6*a*x^5 + 6*a*x^3 + 3; Aut=3T1; Gal=9T20
Q9; n=9; d=a*p^13+...; I=[ 5, 3, 0 ]; R=[ <1, 5>, <3, 3>, <9, 0> ]; A=<a^2*t^2 + a^5, t^3 + a^2>; f=x^9 + 6*a*x^5 + (6*a + 6)*x^3 + 3; Aut=1T1; Gal=9T18
Q9; n=9; d=a*p^13+...; I=[ 5, 3, 0 ]; R=[ <1, 5>, <3, 3>, <9, 0> ]; A=<a^3*t^2 + a^5, t^3 + a^3>; f=x^9 + 3*x^6 + 6*a*x^5 + (3*a + 6)*x^3 + 3; Aut=3T1; Gal=9T12
Q9; n=9; d=a*p^13+...; I=[ 5, 3, 0 ]; R=[ <1, 5>, <3, 3>, <9, 0> ]; A=<a^3*t^2 + a^5, t^3 + a^3>; f=x^9 + 6*x^6 + 6*a*x^5 + (3*a + 6)*x^3 + 3; Aut=3T1; Gal=9T12
Q9; n=9; d=a*p^13+...; I=[ 5, 3, 0 ]; R=[ <1, 5>, <3, 3>, <9, 0> ]; A=<a^3*t^2 + a^5, t^3 + a^3>; f=x^9 + 6*a*x^5 + (3*a + 6)*x^3 + 3; Aut=3T1; Gal=9T12
Q9; n=9; d=a*p^13+...; I=[ 5, 3, 0 ]; R=[ <1, 5>, <3, 3>, <9, 0> ]; A=<2*t^2 + a^5, t^3 + 2>; f=x^9 + 6*a*x^5 + 3*x^3 + 3; Aut=1T1; Gal=9T18
Q9; n=9; d=a*p^13+...; I=[ 5, 3, 0 ]; R=[ <1, 5>, <3, 3>, <9, 0> ]; A=<a^5*t^2 + a^5, t^3 + a^5>; f=x^9 + 3*x^6 + 6*a*x^5 + 3*a*x^3 + 3; Aut=3T1; Gal=9T20
Q9; n=9; d=a*p^13+...; I=[ 5, 3, 0 ]; R=[ <1, 5>, <3, 3>, <9, 0> ]; A=<a^5*t^2 + a^5, t^3 + a^5>; f=x^9 + 6*x^6 + 6*a*x^5 + 3*a*x^3 + 3; Aut=3T1; Gal=9T20
Q9; n=9; d=a*p^13+...; I=[ 5, 3, 0 ]; R=[ <1, 5>, <3, 3>, <9, 0> ]; A=<a^5*t^2 + a^5, t^3 + a^5>; f=x^9 + 6*a*x^5 + 3*a*x^3 + 3; Aut=3T1; Gal=9T20
Q9; n=9; d=a*p^13+...; I=[ 5, 3, 0 ]; R=[ <1, 5>, <3, 3>, <9, 0> ]; A=<a^6*t^2 + a^5, t^3 + a^6>; f=x^9 + 6*a*x^5 + (3*a + 3)*x^3 + 3; Aut=1T1; Gal=9T18
Q9; n=9; d=a*p^13+...; I=[ 5, 3, 0 ]; R=[ <1, 5>, <3, 3>, <9, 0> ]; A=<a^7*t^2 + a^5, t^3 + a^7>; f=x^9 + 3*a*x^6 + 6*a*x^5 + (6*a + 3)*x^3 + 3; Aut=3T1; Gal=9T20
Q9; n=9; d=a*p^13+...; I=[ 5, 3, 0 ]; R=[ <1, 5>, <3, 3>, <9, 0> ]; A=<a^7*t^2 + a^5, t^3 + a^7>; f=x^9 + 6*a*x^6 + 6*a*x^5 + (6*a + 3)*x^3 + 3; Aut=3T1; Gal=9T20
Q9; n=9; d=a*p^13+...; I=[ 5, 3, 0 ]; R=[ <1, 5>, <3, 3>, <9, 0> ]; A=<a^7*t^2 + a^5, t^3 + a^7>; f=x^9 + 6*a*x^5 + (6*a + 3)*x^3 + 3; Aut=3T1; Gal=9T20
Q9; n=9; d=a^2*p^13+...; I=[ 5, 3, 0 ]; R=[ <1, 5>, <3, 3>, <9, 0> ]; A=<t^2 + a^6, t^3 + 1>; f=x^9 + 3*x^6 + (6*a + 6)*x^5 + 6*x^3 + 3; Aut=3T1; Gal=9T20
Q9; n=9; d=a^2*p^13+...; I=[ 5, 3, 0 ]; R=[ <1, 5>, <3, 3>, <9, 0> ]; A=<t^2 + a^6, t^3 + 1>; f=x^9 + 6*x^6 + (6*a + 6)*x^5 + 6*x^3 + 3; Aut=3T1; Gal=9T20
Q9; n=9; d=a^2*p^13+...; I=[ 5, 3, 0 ]; R=[ <1, 5>, <3, 3>, <9, 0> ]; A=<t^2 + a^6, t^3 + 1>; f=x^9 + (6*a + 6)*x^5 + 6*x^3 + 3; Aut=3T1; Gal=9T20
Q9; n=9; d=a^2*p^13+...; I=[ 5, 3, 0 ]; R=[ <1, 5>, <3, 3>, <9, 0> ]; A=<a*t^2 + a^6, t^3 + a>; f=x^9 + (6*a + 6)*x^5 + 6*a*x^3 + 3; Aut=1T1; Gal=9T18
Q9; n=9; d=a^2*p^13+...; I=[ 5, 3, 0 ]; R=[ <1, 5>, <3, 3>, <9, 0> ]; A=<a^2*t^2 + a^6, t^3 + a^2>; f=x^9 + 3*a*x^6 + (6*a + 6)*x^5 + (6*a + 6)*x^3 + 3; Aut=3T1; Gal=9T12
Q9; n=9; d=a^2*p^13+...; I=[ 5, 3, 0 ]; R=[ <1, 5>, <3, 3>, <9, 0> ]; A=<a^2*t^2 + a^6, t^3 + a^2>; f=x^9 + 6*a*x^6 + (6*a + 6)*x^5 + (6*a + 6)*x^3 + 3; Aut=3T1; Gal=9T12
Q9; n=9; d=a^2*p^13+...; I=[ 5, 3, 0 ]; R=[ <1, 5>, <3, 3>, <9, 0> ]; A=<a^2*t^2 + a^6, t^3 + a^2>; f=x^9 + (6*a + 6)*x^5 + (6*a + 6)*x^3 + 3; Aut=3T1; Gal=9T12
Q9; n=9; d=a^2*p^13+...; I=[ 5, 3, 0 ]; R=[ <1, 5>, <3, 3>, <9, 0> ]; A=<a^3*t^2 + a^6, t^3 + a^3>; f=x^9 + (6*a + 6)*x^5 + (3*a + 6)*x^3 + 3; Aut=1T1; Gal=9T18
Q9; n=9; d=a^2*p^13+...; I=[ 5, 3, 0 ]; R=[ <1, 5>, <3, 3>, <9, 0> ]; A=<2*t^2 + a^6, t^3 + 2>; f=x^9 + 3*x^6 + (6*a + 6)*x^5 + 3*x^3 + 3; Aut=3T1; Gal=9T20
Q9; n=9; d=a^2*p^13+...; I=[ 5, 3, 0 ]; R=[ <1, 5>, <3, 3>, <9, 0> ]; A=<2*t^2 + a^6, t^3 + 2>; f=x^9 + 6*x^6 + (6*a + 6)*x^5 + 3*x^3 + 3; Aut=3T1; Gal=9T20
Q9; n=9; d=a^2*p^13+...; I=[ 5, 3, 0 ]; R=[ <1, 5>, <3, 3>, <9, 0> ]; A=<2*t^2 + a^6, t^3 + 2>; f=x^9 + (6*a + 6)*x^5 + 3*x^3 + 3; Aut=3T1; Gal=9T20
Q9; n=9; d=a^2*p^13+...; I=[ 5, 3, 0 ]; R=[ <1, 5>, <3, 3>, <9, 0> ]; A=<a^5*t^2 + a^6, t^3 + a^5>; f=x^9 + (6*a + 6)*x^5 + 3*a*x^3 + 3; Aut=1T1; Gal=9T18
Q9; n=9; d=a^2*p^13+...; I=[ 5, 3, 0 ]; R=[ <1, 5>, <3, 3>, <9, 0> ]; A=<a^6*t^2 + a^6, t^3 + a^6>; f=x^9 + 3*x^6 + (6*a + 6)*x^5 + (3*a + 3)*x^3 + 3; Aut=3T1; Gal=9T20
Q9; n=9; d=a^2*p^13+...; I=[ 5, 3, 0 ]; R=[ <1, 5>, <3, 3>, <9, 0> ]; A=<a^6*t^2 + a^6, t^3 + a^6>; f=x^9 + 6*x^6 + (6*a + 6)*x^5 + (3*a + 3)*x^3 + 3; Aut=3T1; Gal=9T20
Q9; n=9; d=a^2*p^13+...; I=[ 5, 3, 0 ]; R=[ <1, 5>, <3, 3>, <9, 0> ]; A=<a^6*t^2 + a^6, t^3 + a^6>; f=x^9 + (6*a + 6)*x^5 + (3*a + 3)*x^3 + 3; Aut=3T1; Gal=9T20
Q9; n=9; d=a^2*p^13+...; I=[ 5, 3, 0 ]; R=[ <1, 5>, <3, 3>, <9, 0> ]; A=<a^7*t^2 + a^6, t^3 + a^7>; f=x^9 + (6*a + 6)*x^5 + (6*a + 3)*x^3 + 3; Aut=1T1; Gal=9T18
Q9; n=9; d=a^3*p^13+...; I=[ 5, 3, 0 ]; R=[ <1, 5>, <3, 3>, <9, 0> ]; A=<t^2 + a^7, t^3 + 1>; f=x^9 + (3*a + 6)*x^5 + 6*x^3 + 3; Aut=1T1; Gal=9T18
Q9; n=9; d=a^3*p^13+...; I=[ 5, 3, 0 ]; R=[ <1, 5>, <3, 3>, <9, 0> ]; A=<a*t^2 + a^7, t^3 + a>; f=x^9 + 3*x^6 + (3*a + 6)*x^5 + 6*a*x^3 + 3; Aut=3T1; Gal=9T12
Q9; n=9; d=a^3*p^13+...; I=[ 5, 3, 0 ]; R=[ <1, 5>, <3, 3>, <9, 0> ]; A=<a*t^2 + a^7, t^3 + a>; f=x^9 + 6*x^6 + (3*a + 6)*x^5 + 6*a*x^3 + 3; Aut=3T1; Gal=9T12
Q9; n=9; d=a^3*p^13+...; I=[ 5, 3, 0 ]; R=[ <1, 5>, <3, 3>, <9, 0> ]; A=<a*t^2 + a^7, t^3 + a>; f=x^9 + (3*a + 6)*x^5 + 6*a*x^3 + 3; Aut=3T1; Gal=9T12
Q9; n=9; d=a^3*p^13+...; I=[ 5, 3, 0 ]; R=[ <1, 5>, <3, 3>, <9, 0> ]; A=<a^2*t^2 + a^7, t^3 + a^2>; f=x^9 + (3*a + 6)*x^5 + (6*a + 6)*x^3 + 3; Aut=1T1; Gal=9T18
Q9; n=9; d=a^3*p^13+...; I=[ 5, 3, 0 ]; R=[ <1, 5>, <3, 3>, <9, 0> ]; A=<a^3*t^2 + a^7, t^3 + a^3>; f=x^9 + 3*x^6 + (3*a + 6)*x^5 + (3*a + 6)*x^3 + 3; Aut=3T1; Gal=9T20
Q9; n=9; d=a^3*p^13+...; I=[ 5, 3, 0 ]; R=[ <1, 5>, <3, 3>, <9, 0> ]; A=<a^3*t^2 + a^7, t^3 + a^3>; f=x^9 + 6*x^6 + (3*a + 6)*x^5 + (3*a + 6)*x^3 + 3; Aut=3T1; Gal=9T20
Q9; n=9; d=a^3*p^13+...; I=[ 5, 3, 0 ]; R=[ <1, 5>, <3, 3>, <9, 0> ]; A=<a^3*t^2 + a^7, t^3 + a^3>; f=x^9 + (3*a + 6)*x^5 + (3*a + 6)*x^3 + 3; Aut=3T1; Gal=9T20
Q9; n=9; d=a^3*p^13+...; I=[ 5, 3, 0 ]; R=[ <1, 5>, <3, 3>, <9, 0> ]; A=<2*t^2 + a^7, t^3 + 2>; f=x^9 + (3*a + 6)*x^5 + 3*x^3 + 3; Aut=1T1; Gal=9T18
Q9; n=9; d=a^3*p^13+...; I=[ 5, 3, 0 ]; R=[ <1, 5>, <3, 3>, <9, 0> ]; A=<a^5*t^2 + a^7, t^3 + a^5>; f=x^9 + 3*a*x^6 + (3*a + 6)*x^5 + 3*a*x^3 + 3; Aut=3T1; Gal=9T20
Q9; n=9; d=a^3*p^13+...; I=[ 5, 3, 0 ]; R=[ <1, 5>, <3, 3>, <9, 0> ]; A=<a^5*t^2 + a^7, t^3 + a^5>; f=x^9 + 6*a*x^6 + (3*a + 6)*x^5 + 3*a*x^3 + 3; Aut=3T1; Gal=9T20
Q9; n=9; d=a^3*p^13+...; I=[ 5, 3, 0 ]; R=[ <1, 5>, <3, 3>, <9, 0> ]; A=<a^5*t^2 + a^7, t^3 + a^5>; f=x^9 + (3*a + 6)*x^5 + 3*a*x^3 + 3; Aut=3T1; Gal=9T20
Q9; n=9; d=a^3*p^13+...; I=[ 5, 3, 0 ]; R=[ <1, 5>, <3, 3>, <9, 0> ]; A=<a^6*t^2 + a^7, t^3 + a^6>; f=x^9 + (3*a + 6)*x^5 + (3*a + 3)*x^3 + 3; Aut=1T1; Gal=9T18
Q9; n=9; d=a^3*p^13+...; I=[ 5, 3, 0 ]; R=[ <1, 5>, <3, 3>, <9, 0> ]; A=<a^7*t^2 + a^7, t^3 + a^7>; f=x^9 + 3*x^6 + (3*a + 6)*x^5 + (6*a + 3)*x^3 + 3; Aut=3T1; Gal=9T20
Q9; n=9; d=a^3*p^13+...; I=[ 5, 3, 0 ]; R=[ <1, 5>, <3, 3>, <9, 0> ]; A=<a^7*t^2 + a^7, t^3 + a^7>; f=x^9 + 6*x^6 + (3*a + 6)*x^5 + (6*a + 3)*x^3 + 3; Aut=3T1; Gal=9T20
Q9; n=9; d=a^3*p^13+...; I=[ 5, 3, 0 ]; R=[ <1, 5>, <3, 3>, <9, 0> ]; A=<a^7*t^2 + a^7, t^3 + a^7>; f=x^9 + (3*a + 6)*x^5 + (6*a + 3)*x^3 + 3; Aut=3T1; Gal=9T20
Q9; n=9; d=2*p^15+...; I=[ 7, 6, 0 ]; R=[ <1, 7>, <9, 0> ]; A=<t + 1>; f=x^9 + 6*x^7 + 3*x^6 + 3; Aut=2T1; Gal=9T15
Q9; n=9; d=2*p^15+...; I=[ 7, 6, 0 ]; R=[ <1, 7>, <9, 0> ]; A=<t + 1>; f=x^9 + 6*x^7 + 3*a*x^6 + 3; Aut=1T1; Gal=9T15
Q9; n=9; d=2*p^15+...; I=[ 7, 6, 0 ]; R=[ <1, 7>, <9, 0> ]; A=<t + 1>; f=x^9 + 6*x^7 + (3*a + 3)*x^6 + 3; Aut=1T1; Gal=9T15
Q9; n=9; d=2*p^15+...; I=[ 7, 6, 0 ]; R=[ <1, 7>, <9, 0> ]; A=<t + 1>; f=x^9 + 6*x^7 + (6*a + 3)*x^6 + 3; Aut=1T1; Gal=9T15
Q9; n=9; d=2*p^15+...; I=[ 7, 6, 0 ]; R=[ <1, 7>, <9, 0> ]; A=<t + 1>; f=x^9 + 6*x^7 + 6*x^6 + 3; Aut=2T1; Gal=9T15
Q9; n=9; d=2*p^15+...; I=[ 7, 6, 0 ]; R=[ <1, 7>, <9, 0> ]; A=<t + 1>; f=x^9 + 6*x^7 + 6*a*x^6 + 3; Aut=1T1; Gal=9T15
Q9; n=9; d=2*p^15+...; I=[ 7, 6, 0 ]; R=[ <1, 7>, <9, 0> ]; A=<t + 1>; f=x^9 + 6*x^7 + (6*a + 6)*x^6 + 3; Aut=1T1; Gal=9T15
Q9; n=9; d=2*p^15+...; I=[ 7, 6, 0 ]; R=[ <1, 7>, <9, 0> ]; A=<t + 1>; f=x^9 + 6*x^7 + (3*a + 6)*x^6 + 3; Aut=1T1; Gal=9T15
Q9; n=9; d=2*p^15+...; I=[ 7, 7, 0 ]; R=[ <1, 7>, <9, 0> ]; A=<t + 1>; f=x^9 + 6*x^7 + 3; Aut=2T1; Gal=9T15
Q9; n=9; d=a^5*p^15+...; I=[ 7, 6, 0 ]; R=[ <1, 7>, <9, 0> ]; A=<t + a>; f=x^9 + 6*a*x^7 + 3*x^6 + 3; Aut=1T1; Gal=9T15
Q9; n=9; d=a^5*p^15+...; I=[ 7, 6, 0 ]; R=[ <1, 7>, <9, 0> ]; A=<t + a>; f=x^9 + 6*a*x^7 + 3*a*x^6 + 3; Aut=1T1; Gal=9T15
Q9; n=9; d=a^5*p^15+...; I=[ 7, 6, 0 ]; R=[ <1, 7>, <9, 0> ]; A=<t + a>; f=x^9 + 6*a*x^7 + (3*a + 3)*x^6 + 3; Aut=1T1; Gal=9T15
Q9; n=9; d=a^5*p^15+...; I=[ 7, 6, 0 ]; R=[ <1, 7>, <9, 0> ]; A=<t + a>; f=x^9 + 6*a*x^7 + (6*a + 3)*x^6 + 3; Aut=1T1; Gal=9T15
Q9; n=9; d=a^5*p^15+...; I=[ 7, 6, 0 ]; R=[ <1, 7>, <9, 0> ]; A=<t + a>; f=x^9 + 6*a*x^7 + 6*x^6 + 3; Aut=1T1; Gal=9T15
Q9; n=9; d=a^5*p^15+...; I=[ 7, 6, 0 ]; R=[ <1, 7>, <9, 0> ]; A=<t + a>; f=x^9 + 6*a*x^7 + 6*a*x^6 + 3; Aut=1T1; Gal=9T15
Q9; n=9; d=a^5*p^15+...; I=[ 7, 6, 0 ]; R=[ <1, 7>, <9, 0> ]; A=<t + a>; f=x^9 + 6*a*x^7 + (6*a + 6)*x^6 + 3; Aut=1T1; Gal=9T15
Q9; n=9; d=a^5*p^15+...; I=[ 7, 6, 0 ]; R=[ <1, 7>, <9, 0> ]; A=<t + a>; f=x^9 + 6*a*x^7 + (3*a + 6)*x^6 + 3; Aut=1T1; Gal=9T15
Q9; n=9; d=a^5*p^15+...; I=[ 7, 7, 0 ]; R=[ <1, 7>, <9, 0> ]; A=<t + a>; f=x^9 + 6*a*x^7 + 3; Aut=1T1; Gal=9T15
Q9; n=9; d=a^6*p^15+...; I=[ 7, 6, 0 ]; R=[ <1, 7>, <9, 0> ]; A=<t + a^2>; f=x^9 + (6*a + 6)*x^7 + 3*x^6 + 3; Aut=1T1; Gal=9T15
Q9; n=9; d=a^6*p^15+...; I=[ 7, 6, 0 ]; R=[ <1, 7>, <9, 0> ]; A=<t + a^2>; f=x^9 + (6*a + 6)*x^7 + 3*a*x^6 + 3; Aut=1T1; Gal=9T15
Q9; n=9; d=a^6*p^15+...; I=[ 7, 6, 0 ]; R=[ <1, 7>, <9, 0> ]; A=<t + a^2>; f=x^9 + (6*a + 6)*x^7 + (3*a + 3)*x^6 + 3; Aut=1T1; Gal=9T15
Q9; n=9; d=a^6*p^15+...; I=[ 7, 6, 0 ]; R=[ <1, 7>, <9, 0> ]; A=<t + a^2>; f=x^9 + (6*a + 6)*x^7 + (6*a + 3)*x^6 + 3; Aut=1T1; Gal=9T15
Q9; n=9; d=a^6*p^15+...; I=[ 7, 6, 0 ]; R=[ <1, 7>, <9, 0> ]; A=<t + a^2>; f=x^9 + (6*a + 6)*x^7 + 6*x^6 + 3; Aut=1T1; Gal=9T15
Q9; n=9; d=a^6*p^15+...; I=[ 7, 6, 0 ]; R=[ <1, 7>, <9, 0> ]; A=<t + a^2>; f=x^9 + (6*a + 6)*x^7 + 6*a*x^6 + 3; Aut=1T1; Gal=9T15
Q9; n=9; d=a^6*p^15+...; I=[ 7, 6, 0 ]; R=[ <1, 7>, <9, 0> ]; A=<t + a^2>; f=x^9 + (6*a + 6)*x^7 + (6*a + 6)*x^6 + 3; Aut=1T1; Gal=9T15
Q9; n=9; d=a^6*p^15+...; I=[ 7, 6, 0 ]; R=[ <1, 7>, <9, 0> ]; A=<t + a^2>; f=x^9 + (6*a + 6)*x^7 + (3*a + 6)*x^6 + 3; Aut=1T1; Gal=9T15
Q9; n=9; d=a^6*p^15+...; I=[ 7, 7, 0 ]; R=[ <1, 7>, <9, 0> ]; A=<t + a^2>; f=x^9 + (6*a + 6)*x^7 + 3; Aut=1T1; Gal=9T15
Q9; n=9; d=a^7*p^15+...; I=[ 7, 6, 0 ]; R=[ <1, 7>, <9, 0> ]; A=<t + a^3>; f=x^9 + (3*a + 6)*x^7 + 3*x^6 + 3; Aut=1T1; Gal=9T15
Q9; n=9; d=a^7*p^15+...; I=[ 7, 6, 0 ]; R=[ <1, 7>, <9, 0> ]; A=<t + a^3>; f=x^9 + (3*a + 6)*x^7 + 3*a*x^6 + 3; Aut=1T1; Gal=9T15
Q9; n=9; d=a^7*p^15+...; I=[ 7, 6, 0 ]; R=[ <1, 7>, <9, 0> ]; A=<t + a^3>; f=x^9 + (3*a + 6)*x^7 + (3*a + 3)*x^6 + 3; Aut=1T1; Gal=9T15
Q9; n=9; d=a^7*p^15+...; I=[ 7, 6, 0 ]; R=[ <1, 7>, <9, 0> ]; A=<t + a^3>; f=x^9 + (3*a + 6)*x^7 + (6*a + 3)*x^6 + 3; Aut=1T1; Gal=9T15
Q9; n=9; d=a^7*p^15+...; I=[ 7, 6, 0 ]; R=[ <1, 7>, <9, 0> ]; A=<t + a^3>; f=x^9 + (3*a + 6)*x^7 + 6*x^6 + 3; Aut=1T1; Gal=9T15
Q9; n=9; d=a^7*p^15+...; I=[ 7, 6, 0 ]; R=[ <1, 7>, <9, 0> ]; A=<t + a^3>; f=x^9 + (3*a + 6)*x^7 + 6*a*x^6 + 3; Aut=1T1; Gal=9T15
Q9; n=9; d=a^7*p^15+...; I=[ 7, 6, 0 ]; R=[ <1, 7>, <9, 0> ]; A=<t + a^3>; f=x^9 + (3*a + 6)*x^7 + (6*a + 6)*x^6 + 3; Aut=1T1; Gal=9T15
Q9; n=9; d=a^7*p^15+...; I=[ 7, 6, 0 ]; R=[ <1, 7>, <9, 0> ]; A=<t + a^3>; f=x^9 + (3*a + 6)*x^7 + (3*a + 6)*x^6 + 3; Aut=1T1; Gal=9T15
Q9; n=9; d=a^7*p^15+...; I=[ 7, 7, 0 ]; R=[ <1, 7>, <9, 0> ]; A=<t + a^3>; f=x^9 + (3*a + 6)*x^7 + 3; Aut=1T1; Gal=9T15
Q9; n=9; d=1*p^15+...; I=[ 7, 6, 0 ]; R=[ <1, 7>, <9, 0> ]; A=<t + 2>; f=x^9 + 3*x^7 + 3*x^6 + 3; Aut=2T1; Gal=9T15
Q9; n=9; d=1*p^15+...; I=[ 7, 6, 0 ]; R=[ <1, 7>, <9, 0> ]; A=<t + 2>; f=x^9 + 3*x^7 + 3*a*x^6 + 3; Aut=1T1; Gal=9T15
Q9; n=9; d=1*p^15+...; I=[ 7, 6, 0 ]; R=[ <1, 7>, <9, 0> ]; A=<t + 2>; f=x^9 + 3*x^7 + (3*a + 3)*x^6 + 3; Aut=1T1; Gal=9T15
Q9; n=9; d=1*p^15+...; I=[ 7, 6, 0 ]; R=[ <1, 7>, <9, 0> ]; A=<t + 2>; f=x^9 + 3*x^7 + (6*a + 3)*x^6 + 3; Aut=1T1; Gal=9T15
Q9; n=9; d=1*p^15+...; I=[ 7, 6, 0 ]; R=[ <1, 7>, <9, 0> ]; A=<t + 2>; f=x^9 + 3*x^7 + 6*x^6 + 3; Aut=2T1; Gal=9T15
Q9; n=9; d=1*p^15+...; I=[ 7, 6, 0 ]; R=[ <1, 7>, <9, 0> ]; A=<t + 2>; f=x^9 + 3*x^7 + 6*a*x^6 + 3; Aut=1T1; Gal=9T15
Q9; n=9; d=1*p^15+...; I=[ 7, 6, 0 ]; R=[ <1, 7>, <9, 0> ]; A=<t + 2>; f=x^9 + 3*x^7 + (6*a + 6)*x^6 + 3; Aut=1T1; Gal=9T15
Q9; n=9; d=1*p^15+...; I=[ 7, 6, 0 ]; R=[ <1, 7>, <9, 0> ]; A=<t + 2>; f=x^9 + 3*x^7 + (3*a + 6)*x^6 + 3; Aut=1T1; Gal=9T15
Q9; n=9; d=1*p^15+...; I=[ 7, 7, 0 ]; R=[ <1, 7>, <9, 0> ]; A=<t + 2>; f=x^9 + 3*x^7 + 3; Aut=2T1; Gal=9T15
Q9; n=9; d=a*p^15+...; I=[ 7, 6, 0 ]; R=[ <1, 7>, <9, 0> ]; A=<t + a^5>; f=x^9 + 3*a*x^7 + 3*x^6 + 3; Aut=1T1; Gal=9T15
Q9; n=9; d=a*p^15+...; I=[ 7, 6, 0 ]; R=[ <1, 7>, <9, 0> ]; A=<t + a^5>; f=x^9 + 3*a*x^7 + 3*a*x^6 + 3; Aut=1T1; Gal=9T15
Q9; n=9; d=a*p^15+...; I=[ 7, 6, 0 ]; R=[ <1, 7>, <9, 0> ]; A=<t + a^5>; f=x^9 + 3*a*x^7 + (3*a + 3)*x^6 + 3; Aut=1T1; Gal=9T15
Q9; n=9; d=a*p^15+...; I=[ 7, 6, 0 ]; R=[ <1, 7>, <9, 0> ]; A=<t + a^5>; f=x^9 + 3*a*x^7 + (6*a + 3)*x^6 + 3; Aut=1T1; Gal=9T15
Q9; n=9; d=a*p^15+...; I=[ 7, 6, 0 ]; R=[ <1, 7>, <9, 0> ]; A=<t + a^5>; f=x^9 + 3*a*x^7 + 6*x^6 + 3; Aut=1T1; Gal=9T15
Q9; n=9; d=a*p^15+...; I=[ 7, 6, 0 ]; R=[ <1, 7>, <9, 0> ]; A=<t + a^5>; f=x^9 + 3*a*x^7 + 6*a*x^6 + 3; Aut=1T1; Gal=9T15
Q9; n=9; d=a*p^15+...; I=[ 7, 6, 0 ]; R=[ <1, 7>, <9, 0> ]; A=<t + a^5>; f=x^9 + 3*a*x^7 + (6*a + 6)*x^6 + 3; Aut=1T1; Gal=9T15
Q9; n=9; d=a*p^15+...; I=[ 7, 6, 0 ]; R=[ <1, 7>, <9, 0> ]; A=<t + a^5>; f=x^9 + 3*a*x^7 + (3*a + 6)*x^6 + 3; Aut=1T1; Gal=9T15
Q9; n=9; d=a*p^15+...; I=[ 7, 7, 0 ]; R=[ <1, 7>, <9, 0> ]; A=<t + a^5>; f=x^9 + 3*a*x^7 + 3; Aut=1T1; Gal=9T15
Q9; n=9; d=a^2*p^15+...; I=[ 7, 6, 0 ]; R=[ <1, 7>, <9, 0> ]; A=<t + a^6>; f=x^9 + (3*a + 3)*x^7 + 3*x^6 + 3; Aut=1T1; Gal=9T15
Q9; n=9; d=a^2*p^15+...; I=[ 7, 6, 0 ]; R=[ <1, 7>, <9, 0> ]; A=<t + a^6>; f=x^9 + (3*a + 3)*x^7 + 3*a*x^6 + 3; Aut=1T1; Gal=9T15
Q9; n=9; d=a^2*p^15+...; I=[ 7, 6, 0 ]; R=[ <1, 7>, <9, 0> ]; A=<t + a^6>; f=x^9 + (3*a + 3)*x^7 + (3*a + 3)*x^6 + 3; Aut=1T1; Gal=9T15
Q9; n=9; d=a^2*p^15+...; I=[ 7, 6, 0 ]; R=[ <1, 7>, <9, 0> ]; A=<t + a^6>; f=x^9 + (3*a + 3)*x^7 + (6*a + 3)*x^6 + 3; Aut=1T1; Gal=9T15
Q9; n=9; d=a^2*p^15+...; I=[ 7, 6, 0 ]; R=[ <1, 7>, <9, 0> ]; A=<t + a^6>; f=x^9 + (3*a + 3)*x^7 + 6*x^6 + 3; Aut=1T1; Gal=9T15
Q9; n=9; d=a^2*p^15+...; I=[ 7, 6, 0 ]; R=[ <1, 7>, <9, 0> ]; A=<t + a^6>; f=x^9 + (3*a + 3)*x^7 + 6*a*x^6 + 3; Aut=1T1; Gal=9T15
Q9; n=9; d=a^2*p^15+...; I=[ 7, 6, 0 ]; R=[ <1, 7>, <9, 0> ]; A=<t + a^6>; f=x^9 + (3*a + 3)*x^7 + (6*a + 6)*x^6 + 3; Aut=1T1; Gal=9T15
Q9; n=9; d=a^2*p^15+...; I=[ 7, 6, 0 ]; R=[ <1, 7>, <9, 0> ]; A=<t + a^6>; f=x^9 + (3*a + 3)*x^7 + (3*a + 6)*x^6 + 3; Aut=1T1; Gal=9T15
Q9; n=9; d=a^2*p^15+...; I=[ 7, 7, 0 ]; R=[ <1, 7>, <9, 0> ]; A=<t + a^6>; f=x^9 + (3*a + 3)*x^7 + 3; Aut=1T1; Gal=9T15
Q9; n=9; d=a^3*p^15+...; I=[ 7, 6, 0 ]; R=[ <1, 7>, <9, 0> ]; A=<t + a^7>; f=x^9 + (6*a + 3)*x^7 + 3*x^6 + 3; Aut=1T1; Gal=9T15
Q9; n=9; d=a^3*p^15+...; I=[ 7, 6, 0 ]; R=[ <1, 7>, <9, 0> ]; A=<t + a^7>; f=x^9 + (6*a + 3)*x^7 + 3*a*x^6 + 3; Aut=1T1; Gal=9T15
Q9; n=9; d=a^3*p^15+...; I=[ 7, 6, 0 ]; R=[ <1, 7>, <9, 0> ]; A=<t + a^7>; f=x^9 + (6*a + 3)*x^7 + (3*a + 3)*x^6 + 3; Aut=1T1; Gal=9T15
Q9; n=9; d=a^3*p^15+...; I=[ 7, 6, 0 ]; R=[ <1, 7>, <9, 0> ]; A=<t + a^7>; f=x^9 + (6*a + 3)*x^7 + (6*a + 3)*x^6 + 3; Aut=1T1; Gal=9T15
Q9; n=9; d=a^3*p^15+...; I=[ 7, 6, 0 ]; R=[ <1, 7>, <9, 0> ]; A=<t + a^7>; f=x^9 + (6*a + 3)*x^7 + 6*x^6 + 3; Aut=1T1; Gal=9T15
Q9; n=9; d=a^3*p^15+...; I=[ 7, 6, 0 ]; R=[ <1, 7>, <9, 0> ]; A=<t + a^7>; f=x^9 + (6*a + 3)*x^7 + 6*a*x^6 + 3; Aut=1T1; Gal=9T15
Q9; n=9; d=a^3*p^15+...; I=[ 7, 6, 0 ]; R=[ <1, 7>, <9, 0> ]; A=<t + a^7>; f=x^9 + (6*a + 3)*x^7 + (6*a + 6)*x^6 + 3; Aut=1T1; Gal=9T15
Q9; n=9; d=a^3*p^15+...; I=[ 7, 6, 0 ]; R=[ <1, 7>, <9, 0> ]; A=<t + a^7>; f=x^9 + (6*a + 3)*x^7 + (3*a + 6)*x^6 + 3; Aut=1T1; Gal=9T15
Q9; n=9; d=a^3*p^15+...; I=[ 7, 7, 0 ]; R=[ <1, 7>, <9, 0> ]; A=<t + a^7>; f=x^9 + (6*a + 3)*x^7 + 3; Aut=1T1; Gal=9T15
Q9; n=9; d=2*p^15+...; I=[ 7, 3, 0 ]; R=[ <1, 7>, <3, 3>, <9, 0> ]; A=<t^2 + 1, t^3 + 1>; f=x^9 + 3*x^8 + 6*x^7 + 6*x^3 + 9*a + 3; Aut=3T1; Gal=9T12
Q9; n=9; d=2*p^15+...; I=[ 7, 3, 0 ]; R=[ <1, 7>, <3, 3>, <9, 0> ]; A=<t^2 + 1, t^3 + 1>; f=x^9 + 3*a*x^8 + 6*x^7 + 6*x^3 + 9*a + 3; Aut=3T1; Gal=9T20
Q9; n=9; d=2*p^15+...; I=[ 7, 3, 0 ]; R=[ <1, 7>, <3, 3>, <9, 0> ]; A=<t^2 + 1, t^3 + 1>; f=x^9 + (3*a + 3)*x^8 + 6*x^7 + 6*x^3 + 9*a + 3; Aut=3T1; Gal=9T20
Q9; n=9; d=2*p^15+...; I=[ 7, 3, 0 ]; R=[ <1, 7>, <3, 3>, <9, 0> ]; A=<t^2 + 1, t^3 + 1>; f=x^9 + (6*a + 3)*x^8 + 6*x^7 + 6*x^3 + 9*a + 3; Aut=3T1; Gal=9T20
Q9; n=9; d=2*p^15+...; I=[ 7, 3, 0 ]; R=[ <1, 7>, <3, 3>, <9, 0> ]; A=<t^2 + 1, t^3 + 1>; f=x^9 + 6*x^8 + 6*x^7 + 6*x^3 + 9*a + 3; Aut=3T1; Gal=9T4
Q9; n=9; d=2*p^15+...; I=[ 7, 3, 0 ]; R=[ <1, 7>, <3, 3>, <9, 0> ]; A=<t^2 + 1, t^3 + 1>; f=x^9 + 6*a*x^8 + 6*x^7 + 6*x^3 + 9*a + 3; Aut=3T1; Gal=9T20
Q9; n=9; d=2*p^15+...; I=[ 7, 3, 0 ]; R=[ <1, 7>, <3, 3>, <9, 0> ]; A=<t^2 + 1, t^3 + 1>; f=x^9 + (6*a + 6)*x^8 + 6*x^7 + 6*x^3 + 9*a + 3; Aut=3T1; Gal=9T20
Q9; n=9; d=2*p^15+...; I=[ 7, 3, 0 ]; R=[ <1, 7>, <3, 3>, <9, 0> ]; A=<t^2 + 1, t^3 + 1>; f=x^9 + (3*a + 6)*x^8 + 6*x^7 + 6*x^3 + 9*a + 3; Aut=3T1; Gal=9T20
Q9; n=9; d=2*p^15+...; I=[ 7, 3, 0 ]; R=[ <1, 7>, <3, 3>, <9, 0> ]; A=<t^2 + 1, t^3 + 1>; f=x^9 + 6*x^7 + 6*x^3 + 9*a + 3; Aut=3T1; Gal=9T12
Q9; n=9; d=2*p^15+...; I=[ 7, 3, 0 ]; R=[ <1, 7>, <3, 3>, <9, 0> ]; A=<t^2 + 1, t^3 + 1>; f=x^9 + 3*x^8 + 6*x^7 + 6*x^3 + 18*a + 3; Aut=3T1; Gal=9T12
Q9; n=9; d=2*p^15+...; I=[ 7, 3, 0 ]; R=[ <1, 7>, <3, 3>, <9, 0> ]; A=<t^2 + 1, t^3 + 1>; f=x^9 + 3*a*x^8 + 6*x^7 + 6*x^3 + 18*a + 3; Aut=3T1; Gal=9T20
Q9; n=9; d=2*p^15+...; I=[ 7, 3, 0 ]; R=[ <1, 7>, <3, 3>, <9, 0> ]; A=<t^2 + 1, t^3 + 1>; f=x^9 + (3*a + 3)*x^8 + 6*x^7 + 6*x^3 + 18*a + 3; Aut=3T1; Gal=9T20
Q9; n=9; d=2*p^15+...; I=[ 7, 3, 0 ]; R=[ <1, 7>, <3, 3>, <9, 0> ]; A=<t^2 + 1, t^3 + 1>; f=x^9 + (6*a + 3)*x^8 + 6*x^7 + 6*x^3 + 18*a + 3; Aut=3T1; Gal=9T20
Q9; n=9; d=2*p^15+...; I=[ 7, 3, 0 ]; R=[ <1, 7>, <3, 3>, <9, 0> ]; A=<t^2 + 1, t^3 + 1>; f=x^9 + 6*x^8 + 6*x^7 + 6*x^3 + 18*a + 3; Aut=3T1; Gal=9T4
Q9; n=9; d=2*p^15+...; I=[ 7, 3, 0 ]; R=[ <1, 7>, <3, 3>, <9, 0> ]; A=<t^2 + 1, t^3 + 1>; f=x^9 + 6*a*x^8 + 6*x^7 + 6*x^3 + 18*a + 3; Aut=3T1; Gal=9T20
Q9; n=9; d=2*p^15+...; I=[ 7, 3, 0 ]; R=[ <1, 7>, <3, 3>, <9, 0> ]; A=<t^2 + 1, t^3 + 1>; f=x^9 + (6*a + 6)*x^8 + 6*x^7 + 6*x^3 + 18*a + 3; Aut=3T1; Gal=9T20
Q9; n=9; d=2*p^15+...; I=[ 7, 3, 0 ]; R=[ <1, 7>, <3, 3>, <9, 0> ]; A=<t^2 + 1, t^3 + 1>; f=x^9 + (3*a + 6)*x^8 + 6*x^7 + 6*x^3 + 18*a + 3; Aut=3T1; Gal=9T20
Q9; n=9; d=2*p^15+...; I=[ 7, 3, 0 ]; R=[ <1, 7>, <3, 3>, <9, 0> ]; A=<t^2 + 1, t^3 + 1>; f=x^9 + 6*x^7 + 6*x^3 + 18*a + 3; Aut=3T1; Gal=9T12
Q9; n=9; d=2*p^15+...; I=[ 7, 3, 0 ]; R=[ <1, 7>, <3, 3>, <9, 0> ]; A=<t^2 + 1, t^3 + 1>; f=x^9 + 3*x^8 + 6*x^7 + 6*x^3 + 3; Aut=6T2; Gal=9T12
Q9; n=9; d=2*p^15+...; I=[ 7, 3, 0 ]; R=[ <1, 7>, <3, 3>, <9, 0> ]; A=<t^2 + 1, t^3 + 1>; f=x^9 + 3*a*x^8 + 6*x^7 + 6*x^3 + 3; Aut=3T1; Gal=9T20
Q9; n=9; d=2*p^15+...; I=[ 7, 3, 0 ]; R=[ <1, 7>, <3, 3>, <9, 0> ]; A=<t^2 + 1, t^3 + 1>; f=x^9 + (3*a + 3)*x^8 + 6*x^7 + 6*x^3 + 3; Aut=3T1; Gal=9T20
Q9; n=9; d=2*p^15+...; I=[ 7, 3, 0 ]; R=[ <1, 7>, <3, 3>, <9, 0> ]; A=<t^2 + 1, t^3 + 1>; f=x^9 + (6*a + 3)*x^8 + 6*x^7 + 6*x^3 + 3; Aut=3T1; Gal=9T20
Q9; n=9; d=2*p^15+...; I=[ 7, 3, 0 ]; R=[ <1, 7>, <3, 3>, <9, 0> ]; A=<t^2 + 1, t^3 + 1>; f=x^9 + 6*x^8 + 6*x^7 + 6*x^3 + 3; Aut=6T2; Gal=9T4
Q9; n=9; d=2*p^15+...; I=[ 7, 3, 0 ]; R=[ <1, 7>, <3, 3>, <9, 0> ]; A=<t^2 + 1, t^3 + 1>; f=x^9 + 6*a*x^8 + 6*x^7 + 6*x^3 + 3; Aut=3T1; Gal=9T20
Q9; n=9; d=2*p^15+...; I=[ 7, 3, 0 ]; R=[ <1, 7>, <3, 3>, <9, 0> ]; A=<t^2 + 1, t^3 + 1>; f=x^9 + (6*a + 6)*x^8 + 6*x^7 + 6*x^3 + 3; Aut=3T1; Gal=9T20
Q9; n=9; d=2*p^15+...; I=[ 7, 3, 0 ]; R=[ <1, 7>, <3, 3>, <9, 0> ]; A=<t^2 + 1, t^3 + 1>; f=x^9 + (3*a + 6)*x^8 + 6*x^7 + 6*x^3 + 3; Aut=3T1; Gal=9T20
Q9; n=9; d=2*p^15+...; I=[ 7, 3, 0 ]; R=[ <1, 7>, <3, 3>, <9, 0> ]; A=<t^2 + 1, t^3 + 1>; f=x^9 + 6*x^7 + 6*x^3 + 3; Aut=6T2; Gal=9T12
Q9; n=9; d=2*p^15+...; I=[ 7, 3, 0 ]; R=[ <1, 7>, <3, 3>, <9, 0> ]; A=<a*t^2 + 1, t^3 + a>; f=x^9 + 3*x^8 + 6*x^7 + 6*a*x^3 + 3; Aut=1T1; Gal=9T8
Q9; n=9; d=2*p^15+...; I=[ 7, 3, 0 ]; R=[ <1, 7>, <3, 3>, <9, 0> ]; A=<a*t^2 + 1, t^3 + a>; f=x^9 + 3*a*x^8 + 6*x^7 + 6*a*x^3 + 3; Aut=1T1; Gal=9T18
Q9; n=9; d=2*p^15+...; I=[ 7, 3, 0 ]; R=[ <1, 7>, <3, 3>, <9, 0> ]; A=<a*t^2 + 1, t^3 + a>; f=x^9 + (3*a + 3)*x^8 + 6*x^7 + 6*a*x^3 + 3; Aut=1T1; Gal=9T18
Q9; n=9; d=2*p^15+...; I=[ 7, 3, 0 ]; R=[ <1, 7>, <3, 3>, <9, 0> ]; A=<a*t^2 + 1, t^3 + a>; f=x^9 + (6*a + 3)*x^8 + 6*x^7 + 6*a*x^3 + 3; Aut=1T1; Gal=9T18
Q9; n=9; d=2*p^15+...; I=[ 7, 3, 0 ]; R=[ <1, 7>, <3, 3>, <9, 0> ]; A=<a*t^2 + 1, t^3 + a>; f=x^9 + 6*x^8 + 6*x^7 + 6*a*x^3 + 3; Aut=1T1; Gal=9T18
Q9; n=9; d=2*p^15+...; I=[ 7, 3, 0 ]; R=[ <1, 7>, <3, 3>, <9, 0> ]; A=<a*t^2 + 1, t^3 + a>; f=x^9 + 6*a*x^8 + 6*x^7 + 6*a*x^3 + 3; Aut=1T1; Gal=9T18
Q9; n=9; d=2*p^15+...; I=[ 7, 3, 0 ]; R=[ <1, 7>, <3, 3>, <9, 0> ]; A=<a*t^2 + 1, t^3 + a>; f=x^9 + (6*a + 6)*x^8 + 6*x^7 + 6*a*x^3 + 3; Aut=1T1; Gal=9T18
Q9; n=9; d=2*p^15+...; I=[ 7, 3, 0 ]; R=[ <1, 7>, <3, 3>, <9, 0> ]; A=<a*t^2 + 1, t^3 + a>; f=x^9 + (3*a + 6)*x^8 + 6*x^7 + 6*a*x^3 + 3; Aut=1T1; Gal=9T18
Q9; n=9; d=2*p^15+...; I=[ 7, 3, 0 ]; R=[ <1, 7>, <3, 3>, <9, 0> ]; A=<a*t^2 + 1, t^3 + a>; f=x^9 + 6*x^7 + 6*a*x^3 + 3; Aut=1T1; Gal=9T18
Q9; n=9; d=2*p^15+...; I=[ 7, 3, 0 ]; R=[ <1, 7>, <3, 3>, <9, 0> ]; A=<a^2*t^2 + 1, t^3 + a^2>; f=x^9 + 3*x^8 + 6*x^7 + (6*a + 6)*x^3 + 12; Aut=3T1; Gal=9T20
Q9; n=9; d=2*p^15+...; I=[ 7, 3, 0 ]; R=[ <1, 7>, <3, 3>, <9, 0> ]; A=<a^2*t^2 + 1, t^3 + a^2>; f=x^9 + 3*a*x^8 + 6*x^7 + (6*a + 6)*x^3 + 12; Aut=3T1; Gal=9T20
Q9; n=9; d=2*p^15+...; I=[ 7, 3, 0 ]; R=[ <1, 7>, <3, 3>, <9, 0> ]; A=<a^2*t^2 + 1, t^3 + a^2>; f=x^9 + (3*a + 3)*x^8 + 6*x^7 + (6*a + 6)*x^3 + 12; Aut=3T1; Gal=9T20
Q9; n=9; d=2*p^15+...; I=[ 7, 3, 0 ]; R=[ <1, 7>, <3, 3>, <9, 0> ]; A=<a^2*t^2 + 1, t^3 + a^2>; f=x^9 + (6*a + 3)*x^8 + 6*x^7 + (6*a + 6)*x^3 + 12; Aut=3T1; Gal=9T20
Q9; n=9; d=2*p^15+...; I=[ 7, 3, 0 ]; R=[ <1, 7>, <3, 3>, <9, 0> ]; A=<a^2*t^2 + 1, t^3 + a^2>; f=x^9 + 6*x^8 + 6*x^7 + (6*a + 6)*x^3 + 12; Aut=3T1; Gal=9T4
Q9; n=9; d=2*p^15+...; I=[ 7, 3, 0 ]; R=[ <1, 7>, <3, 3>, <9, 0> ]; A=<a^2*t^2 + 1, t^3 + a^2>; f=x^9 + 6*a*x^8 + 6*x^7 + (6*a + 6)*x^3 + 12; Aut=3T1; Gal=9T20
Q9; n=9; d=2*p^15+...; I=[ 7, 3, 0 ]; R=[ <1, 7>, <3, 3>, <9, 0> ]; A=<a^2*t^2 + 1, t^3 + a^2>; f=x^9 + (6*a + 6)*x^8 + 6*x^7 + (6*a + 6)*x^3 + 12; Aut=3T1; Gal=9T12
Q9; n=9; d=2*p^15+...; I=[ 7, 3, 0 ]; R=[ <1, 7>, <3, 3>, <9, 0> ]; A=<a^2*t^2 + 1, t^3 + a^2>; f=x^9 + (3*a + 6)*x^8 + 6*x^7 + (6*a + 6)*x^3 + 12; Aut=3T1; Gal=9T12
Q9; n=9; d=2*p^15+...; I=[ 7, 3, 0 ]; R=[ <1, 7>, <3, 3>, <9, 0> ]; A=<a^2*t^2 + 1, t^3 + a^2>; f=x^9 + 6*x^7 + (6*a + 6)*x^3 + 12; Aut=3T1; Gal=9T20
Q9; n=9; d=2*p^15+...; I=[ 7, 3, 0 ]; R=[ <1, 7>, <3, 3>, <9, 0> ]; A=<a^2*t^2 + 1, t^3 + a^2>; f=x^9 + 3*x^8 + 6*x^7 + (6*a + 6)*x^3 + 21; Aut=3T1; Gal=9T20
Q9; n=9; d=2*p^15+...; I=[ 7, 3, 0 ]; R=[ <1, 7>, <3, 3>, <9, 0> ]; A=<a^2*t^2 + 1, t^3 + a^2>; f=x^9 + 3*a*x^8 + 6*x^7 + (6*a + 6)*x^3 + 21; Aut=3T1; Gal=9T20
Q9; n=9; d=2*p^15+...; I=[ 7, 3, 0 ]; R=[ <1, 7>, <3, 3>, <9, 0> ]; A=<a^2*t^2 + 1, t^3 + a^2>; f=x^9 + (3*a + 3)*x^8 + 6*x^7 + (6*a + 6)*x^3 + 21; Aut=3T1; Gal=9T20
Q9; n=9; d=2*p^15+...; I=[ 7, 3, 0 ]; R=[ <1, 7>, <3, 3>, <9, 0> ]; A=<a^2*t^2 + 1, t^3 + a^2>; f=x^9 + (6*a + 3)*x^8 + 6*x^7 + (6*a + 6)*x^3 + 21; Aut=3T1; Gal=9T20
Q9; n=9; d=2*p^15+...; I=[ 7, 3, 0 ]; R=[ <1, 7>, <3, 3>, <9, 0> ]; A=<a^2*t^2 + 1, t^3 + a^2>; f=x^9 + 6*x^8 + 6*x^7 + (6*a + 6)*x^3 + 21; Aut=3T1; Gal=9T4
Q9; n=9; d=2*p^15+...; I=[ 7, 3, 0 ]; R=[ <1, 7>, <3, 3>, <9, 0> ]; A=<a^2*t^2 + 1, t^3 + a^2>; f=x^9 + 6*a*x^8 + 6*x^7 + (6*a + 6)*x^3 + 21; Aut=3T1; Gal=9T20
Q9; n=9; d=2*p^15+...; I=[ 7, 3, 0 ]; R=[ <1, 7>, <3, 3>, <9, 0> ]; A=<a^2*t^2 + 1, t^3 + a^2>; f=x^9 + (6*a + 6)*x^8 + 6*x^7 + (6*a + 6)*x^3 + 21; Aut=3T1; Gal=9T12
Q9; n=9; d=2*p^15+...; I=[ 7, 3, 0 ]; R=[ <1, 7>, <3, 3>, <9, 0> ]; A=<a^2*t^2 + 1, t^3 + a^2>; f=x^9 + (3*a + 6)*x^8 + 6*x^7 + (6*a + 6)*x^3 + 21; Aut=3T1; Gal=9T12
Q9; n=9; d=2*p^15+...; I=[ 7, 3, 0 ]; R=[ <1, 7>, <3, 3>, <9, 0> ]; A=<a^2*t^2 + 1, t^3 + a^2>; f=x^9 + 6*x^7 + (6*a + 6)*x^3 + 21; Aut=3T1; Gal=9T20
Q9; n=9; d=2*p^15+...; I=[ 7, 3, 0 ]; R=[ <1, 7>, <3, 3>, <9, 0> ]; A=<a^2*t^2 + 1, t^3 + a^2>; f=x^9 + 3*x^8 + 6*x^7 + (6*a + 6)*x^3 + 3; Aut=3T1; Gal=9T20
Q9; n=9; d=2*p^15+...; I=[ 7, 3, 0 ]; R=[ <1, 7>, <3, 3>, <9, 0> ]; A=<a^2*t^2 + 1, t^3 + a^2>; f=x^9 + 3*a*x^8 + 6*x^7 + (6*a + 6)*x^3 + 3; Aut=3T1; Gal=9T20
Q9; n=9; d=2*p^15+...; I=[ 7, 3, 0 ]; R=[ <1, 7>, <3, 3>, <9, 0> ]; A=<a^2*t^2 + 1, t^3 + a^2>; f=x^9 + (3*a + 3)*x^8 + 6*x^7 + (6*a + 6)*x^3 + 3; Aut=3T1; Gal=9T20
Q9; n=9; d=2*p^15+...; I=[ 7, 3, 0 ]; R=[ <1, 7>, <3, 3>, <9, 0> ]; A=<a^2*t^2 + 1, t^3 + a^2>; f=x^9 + (6*a + 3)*x^8 + 6*x^7 + (6*a + 6)*x^3 + 3; Aut=3T1; Gal=9T20
Q9; n=9; d=2*p^15+...; I=[ 7, 3, 0 ]; R=[ <1, 7>, <3, 3>, <9, 0> ]; A=<a^2*t^2 + 1, t^3 + a^2>; f=x^9 + 6*x^8 + 6*x^7 + (6*a + 6)*x^3 + 3; Aut=3T1; Gal=9T4
Q9; n=9; d=2*p^15+...; I=[ 7, 3, 0 ]; R=[ <1, 7>, <3, 3>, <9, 0> ]; A=<a^2*t^2 + 1, t^3 + a^2>; f=x^9 + 6*a*x^8 + 6*x^7 + (6*a + 6)*x^3 + 3; Aut=3T1; Gal=9T20
Q9; n=9; d=2*p^15+...; I=[ 7, 3, 0 ]; R=[ <1, 7>, <3, 3>, <9, 0> ]; A=<a^2*t^2 + 1, t^3 + a^2>; f=x^9 + (6*a + 6)*x^8 + 6*x^7 + (6*a + 6)*x^3 + 3; Aut=3T1; Gal=9T12
Q9; n=9; d=2*p^15+...; I=[ 7, 3, 0 ]; R=[ <1, 7>, <3, 3>, <9, 0> ]; A=<a^2*t^2 + 1, t^3 + a^2>; f=x^9 + (3*a + 6)*x^8 + 6*x^7 + (6*a + 6)*x^3 + 3; Aut=3T1; Gal=9T12
Q9; n=9; d=2*p^15+...; I=[ 7, 3, 0 ]; R=[ <1, 7>, <3, 3>, <9, 0> ]; A=<a^2*t^2 + 1, t^3 + a^2>; f=x^9 + 6*x^7 + (6*a + 6)*x^3 + 3; Aut=3T1; Gal=9T20
Q9; n=9; d=2*p^15+...; I=[ 7, 3, 0 ]; R=[ <1, 7>, <3, 3>, <9, 0> ]; A=<a^3*t^2 + 1, t^3 + a^3>; f=x^9 + 3*x^8 + 6*x^7 + (3*a + 6)*x^3 + 3; Aut=1T1; Gal=9T8
Q9; n=9; d=2*p^15+...; I=[ 7, 3, 0 ]; R=[ <1, 7>, <3, 3>, <9, 0> ]; A=<a^3*t^2 + 1, t^3 + a^3>; f=x^9 + 3*a*x^8 + 6*x^7 + (3*a + 6)*x^3 + 3; Aut=1T1; Gal=9T18
Q9; n=9; d=2*p^15+...; I=[ 7, 3, 0 ]; R=[ <1, 7>, <3, 3>, <9, 0> ]; A=<a^3*t^2 + 1, t^3 + a^3>; f=x^9 + (3*a + 3)*x^8 + 6*x^7 + (3*a + 6)*x^3 + 3; Aut=1T1; Gal=9T18
Q9; n=9; d=2*p^15+...; I=[ 7, 3, 0 ]; R=[ <1, 7>, <3, 3>, <9, 0> ]; A=<a^3*t^2 + 1, t^3 + a^3>; f=x^9 + (6*a + 3)*x^8 + 6*x^7 + (3*a + 6)*x^3 + 3; Aut=1T1; Gal=9T18
Q9; n=9; d=2*p^15+...; I=[ 7, 3, 0 ]; R=[ <1, 7>, <3, 3>, <9, 0> ]; A=<a^3*t^2 + 1, t^3 + a^3>; f=x^9 + 6*x^8 + 6*x^7 + (3*a + 6)*x^3 + 3; Aut=1T1; Gal=9T18
Q9; n=9; d=2*p^15+...; I=[ 7, 3, 0 ]; R=[ <1, 7>, <3, 3>, <9, 0> ]; A=<a^3*t^2 + 1, t^3 + a^3>; f=x^9 + 6*a*x^8 + 6*x^7 + (3*a + 6)*x^3 + 3; Aut=1T1; Gal=9T18
Q9; n=9; d=2*p^15+...; I=[ 7, 3, 0 ]; R=[ <1, 7>, <3, 3>, <9, 0> ]; A=<a^3*t^2 + 1, t^3 + a^3>; f=x^9 + (6*a + 6)*x^8 + 6*x^7 + (3*a + 6)*x^3 + 3; Aut=1T1; Gal=9T18
Q9; n=9; d=2*p^15+...; I=[ 7, 3, 0 ]; R=[ <1, 7>, <3, 3>, <9, 0> ]; A=<a^3*t^2 + 1, t^3 + a^3>; f=x^9 + (3*a + 6)*x^8 + 6*x^7 + (3*a + 6)*x^3 + 3; Aut=1T1; Gal=9T18
Q9; n=9; d=2*p^15+...; I=[ 7, 3, 0 ]; R=[ <1, 7>, <3, 3>, <9, 0> ]; A=<a^3*t^2 + 1, t^3 + a^3>; f=x^9 + 6*x^7 + (3*a + 6)*x^3 + 3; Aut=1T1; Gal=9T18
Q9; n=9; d=2*p^15+...; I=[ 7, 3, 0 ]; R=[ <1, 7>, <3, 3>, <9, 0> ]; A=<2*t^2 + 1, t^3 + 2>; f=x^9 + 3*x^8 + 6*x^7 + 3*x^3 + 12; Aut=6T1; Gal=9T20
Q9; n=9; d=2*p^15+...; I=[ 7, 3, 0 ]; R=[ <1, 7>, <3, 3>, <9, 0> ]; A=<2*t^2 + 1, t^3 + 2>; f=x^9 + 3*a*x^8 + 6*x^7 + 3*x^3 + 12; Aut=3T1; Gal=9T12
Q9; n=9; d=2*p^15+...; I=[ 7, 3, 0 ]; R=[ <1, 7>, <3, 3>, <9, 0> ]; A=<2*t^2 + 1, t^3 + 2>; f=x^9 + (3*a + 3)*x^8 + 6*x^7 + 3*x^3 + 12; Aut=3T1; Gal=9T20
Q9; n=9; d=2*p^15+...; I=[ 7, 3, 0 ]; R=[ <1, 7>, <3, 3>, <9, 0> ]; A=<2*t^2 + 1, t^3 + 2>; f=x^9 + (6*a + 3)*x^8 + 6*x^7 + 3*x^3 + 12; Aut=3T1; Gal=9T12
Q9; n=9; d=2*p^15+...; I=[ 7, 3, 0 ]; R=[ <1, 7>, <3, 3>, <9, 0> ]; A=<2*t^2 + 1, t^3 + 2>; f=x^9 + 6*x^8 + 6*x^7 + 3*x^3 + 12; Aut=6T1; Gal=9T4
Q9; n=9; d=2*p^15+...; I=[ 7, 3, 0 ]; R=[ <1, 7>, <3, 3>, <9, 0> ]; A=<2*t^2 + 1, t^3 + 2>; f=x^9 + 6*a*x^8 + 6*x^7 + 3*x^3 + 12; Aut=3T1; Gal=9T20
Q9; n=9; d=2*p^15+...; I=[ 7, 3, 0 ]; R=[ <1, 7>, <3, 3>, <9, 0> ]; A=<2*t^2 + 1, t^3 + 2>; f=x^9 + (6*a + 6)*x^8 + 6*x^7 + 3*x^3 + 12; Aut=3T1; Gal=9T20
Q9; n=9; d=2*p^15+...; I=[ 7, 3, 0 ]; R=[ <1, 7>, <3, 3>, <9, 0> ]; A=<2*t^2 + 1, t^3 + 2>; f=x^9 + (3*a + 6)*x^8 + 6*x^7 + 3*x^3 + 12; Aut=3T1; Gal=9T20
Q9; n=9; d=2*p^15+...; I=[ 7, 3, 0 ]; R=[ <1, 7>, <3, 3>, <9, 0> ]; A=<2*t^2 + 1, t^3 + 2>; f=x^9 + 6*x^7 + 3*x^3 + 12; Aut=6T1; Gal=9T20
Q9; n=9; d=2*p^15+...; I=[ 7, 3, 0 ]; R=[ <1, 7>, <3, 3>, <9, 0> ]; A=<2*t^2 + 1, t^3 + 2>; f=x^9 + 3*x^8 + 6*x^7 + 3*x^3 + 21; Aut=6T1; Gal=9T20
Q9; n=9; d=2*p^15+...; I=[ 7, 3, 0 ]; R=[ <1, 7>, <3, 3>, <9, 0> ]; A=<2*t^2 + 1, t^3 + 2>; f=x^9 + 3*a*x^8 + 6*x^7 + 3*x^3 + 21; Aut=3T1; Gal=9T12
Q9; n=9; d=2*p^15+...; I=[ 7, 3, 0 ]; R=[ <1, 7>, <3, 3>, <9, 0> ]; A=<2*t^2 + 1, t^3 + 2>; f=x^9 + (3*a + 3)*x^8 + 6*x^7 + 3*x^3 + 21; Aut=3T1; Gal=9T20
Q9; n=9; d=2*p^15+...; I=[ 7, 3, 0 ]; R=[ <1, 7>, <3, 3>, <9, 0> ]; A=<2*t^2 + 1, t^3 + 2>; f=x^9 + (6*a + 3)*x^8 + 6*x^7 + 3*x^3 + 21; Aut=3T1; Gal=9T12
Q9; n=9; d=2*p^15+...; I=[ 7, 3, 0 ]; R=[ <1, 7>, <3, 3>, <9, 0> ]; A=<2*t^2 + 1, t^3 + 2>; f=x^9 + 6*x^8 + 6*x^7 + 3*x^3 + 21; Aut=6T1; Gal=9T4
Q9; n=9; d=2*p^15+...; I=[ 7, 3, 0 ]; R=[ <1, 7>, <3, 3>, <9, 0> ]; A=<2*t^2 + 1, t^3 + 2>; f=x^9 + 6*a*x^8 + 6*x^7 + 3*x^3 + 21; Aut=3T1; Gal=9T20
Q9; n=9; d=2*p^15+...; I=[ 7, 3, 0 ]; R=[ <1, 7>, <3, 3>, <9, 0> ]; A=<2*t^2 + 1, t^3 + 2>; f=x^9 + (6*a + 6)*x^8 + 6*x^7 + 3*x^3 + 21; Aut=3T1; Gal=9T20
Q9; n=9; d=2*p^15+...; I=[ 7, 3, 0 ]; R=[ <1, 7>, <3, 3>, <9, 0> ]; A=<2*t^2 + 1, t^3 + 2>; f=x^9 + (3*a + 6)*x^8 + 6*x^7 + 3*x^3 + 21; Aut=3T1; Gal=9T20
Q9; n=9; d=2*p^15+...; I=[ 7, 3, 0 ]; R=[ <1, 7>, <3, 3>, <9, 0> ]; A=<2*t^2 + 1, t^3 + 2>; f=x^9 + 6*x^7 + 3*x^3 + 21; Aut=6T1; Gal=9T20
Q9; n=9; d=2*p^15+...; I=[ 7, 3, 0 ]; R=[ <1, 7>, <3, 3>, <9, 0> ]; A=<2*t^2 + 1, t^3 + 2>; f=x^9 + 3*x^8 + 6*x^7 + 3*x^3 + 3; Aut=6T1; Gal=9T20
Q9; n=9; d=2*p^15+...; I=[ 7, 3, 0 ]; R=[ <1, 7>, <3, 3>, <9, 0> ]; A=<2*t^2 + 1, t^3 + 2>; f=x^9 + 3*a*x^8 + 6*x^7 + 3*x^3 + 3; Aut=3T1; Gal=9T12
Q9; n=9; d=2*p^15+...; I=[ 7, 3, 0 ]; R=[ <1, 7>, <3, 3>, <9, 0> ]; A=<2*t^2 + 1, t^3 + 2>; f=x^9 + (3*a + 3)*x^8 + 6*x^7 + 3*x^3 + 3; Aut=3T1; Gal=9T20
Q9; n=9; d=2*p^15+...; I=[ 7, 3, 0 ]; R=[ <1, 7>, <3, 3>, <9, 0> ]; A=<2*t^2 + 1, t^3 + 2>; f=x^9 + (6*a + 3)*x^8 + 6*x^7 + 3*x^3 + 3; Aut=3T1; Gal=9T12
Q9; n=9; d=2*p^15+...; I=[ 7, 3, 0 ]; R=[ <1, 7>, <3, 3>, <9, 0> ]; A=<2*t^2 + 1, t^3 + 2>; f=x^9 + 6*x^8 + 6*x^7 + 3*x^3 + 3; Aut=6T1; Gal=9T4
Q9; n=9; d=2*p^15+...; I=[ 7, 3, 0 ]; R=[ <1, 7>, <3, 3>, <9, 0> ]; A=<2*t^2 + 1, t^3 + 2>; f=x^9 + 6*a*x^8 + 6*x^7 + 3*x^3 + 3; Aut=3T1; Gal=9T20
Q9; n=9; d=2*p^15+...; I=[ 7, 3, 0 ]; R=[ <1, 7>, <3, 3>, <9, 0> ]; A=<2*t^2 + 1, t^3 + 2>; f=x^9 + (6*a + 6)*x^8 + 6*x^7 + 3*x^3 + 3; Aut=3T1; Gal=9T20
Q9; n=9; d=2*p^15+...; I=[ 7, 3, 0 ]; R=[ <1, 7>, <3, 3>, <9, 0> ]; A=<2*t^2 + 1, t^3 + 2>; f=x^9 + (3*a + 6)*x^8 + 6*x^7 + 3*x^3 + 3; Aut=3T1; Gal=9T20
Q9; n=9; d=2*p^15+...; I=[ 7, 3, 0 ]; R=[ <1, 7>, <3, 3>, <9, 0> ]; A=<2*t^2 + 1, t^3 + 2>; f=x^9 + 6*x^7 + 3*x^3 + 3; Aut=6T1; Gal=9T20
Q9; n=9; d=2*p^15+...; I=[ 7, 3, 0 ]; R=[ <1, 7>, <3, 3>, <9, 0> ]; A=<a^5*t^2 + 1, t^3 + a^5>; f=x^9 + 3*x^8 + 6*x^7 + 3*a*x^3 + 3; Aut=1T1; Gal=9T8
Q9; n=9; d=2*p^15+...; I=[ 7, 3, 0 ]; R=[ <1, 7>, <3, 3>, <9, 0> ]; A=<a^5*t^2 + 1, t^3 + a^5>; f=x^9 + 3*a*x^8 + 6*x^7 + 3*a*x^3 + 3; Aut=1T1; Gal=9T18
Q9; n=9; d=2*p^15+...; I=[ 7, 3, 0 ]; R=[ <1, 7>, <3, 3>, <9, 0> ]; A=<a^5*t^2 + 1, t^3 + a^5>; f=x^9 + (3*a + 3)*x^8 + 6*x^7 + 3*a*x^3 + 3; Aut=1T1; Gal=9T18
Q9; n=9; d=2*p^15+...; I=[ 7, 3, 0 ]; R=[ <1, 7>, <3, 3>, <9, 0> ]; A=<a^5*t^2 + 1, t^3 + a^5>; f=x^9 + (6*a + 3)*x^8 + 6*x^7 + 3*a*x^3 + 3; Aut=1T1; Gal=9T18
Q9; n=9; d=2*p^15+...; I=[ 7, 3, 0 ]; R=[ <1, 7>, <3, 3>, <9, 0> ]; A=<a^5*t^2 + 1, t^3 + a^5>; f=x^9 + 6*x^8 + 6*x^7 + 3*a*x^3 + 3; Aut=1T1; Gal=9T18
Q9; n=9; d=2*p^15+...; I=[ 7, 3, 0 ]; R=[ <1, 7>, <3, 3>, <9, 0> ]; A=<a^5*t^2 + 1, t^3 + a^5>; f=x^9 + 6*a*x^8 + 6*x^7 + 3*a*x^3 + 3; Aut=1T1; Gal=9T18
Q9; n=9; d=2*p^15+...; I=[ 7, 3, 0 ]; R=[ <1, 7>, <3, 3>, <9, 0> ]; A=<a^5*t^2 + 1, t^3 + a^5>; f=x^9 + (6*a + 6)*x^8 + 6*x^7 + 3*a*x^3 + 3; Aut=1T1; Gal=9T18
Q9; n=9; d=2*p^15+...; I=[ 7, 3, 0 ]; R=[ <1, 7>, <3, 3>, <9, 0> ]; A=<a^5*t^2 + 1, t^3 + a^5>; f=x^9 + (3*a + 6)*x^8 + 6*x^7 + 3*a*x^3 + 3; Aut=1T1; Gal=9T18
Q9; n=9; d=2*p^15+...; I=[ 7, 3, 0 ]; R=[ <1, 7>, <3, 3>, <9, 0> ]; A=<a^5*t^2 + 1, t^3 + a^5>; f=x^9 + 6*x^7 + 3*a*x^3 + 3; Aut=1T1; Gal=9T18
Q9; n=9; d=2*p^15+...; I=[ 7, 3, 0 ]; R=[ <1, 7>, <3, 3>, <9, 0> ]; A=<a^6*t^2 + 1, t^3 + a^6>; f=x^9 + 3*x^8 + 6*x^7 + (3*a + 3)*x^3 + 12; Aut=3T1; Gal=9T20
Q9; n=9; d=2*p^15+...; I=[ 7, 3, 0 ]; R=[ <1, 7>, <3, 3>, <9, 0> ]; A=<a^6*t^2 + 1, t^3 + a^6>; f=x^9 + 3*a*x^8 + 6*x^7 + (3*a + 3)*x^3 + 12; Aut=3T1; Gal=9T20
Q9; n=9; d=2*p^15+...; I=[ 7, 3, 0 ]; R=[ <1, 7>, <3, 3>, <9, 0> ]; A=<a^6*t^2 + 1, t^3 + a^6>; f=x^9 + (3*a + 3)*x^8 + 6*x^7 + (3*a + 3)*x^3 + 12; Aut=3T1; Gal=9T12
Q9; n=9; d=2*p^15+...; I=[ 7, 3, 0 ]; R=[ <1, 7>, <3, 3>, <9, 0> ]; A=<a^6*t^2 + 1, t^3 + a^6>; f=x^9 + (6*a + 3)*x^8 + 6*x^7 + (3*a + 3)*x^3 + 12; Aut=3T1; Gal=9T20
Q9; n=9; d=2*p^15+...; I=[ 7, 3, 0 ]; R=[ <1, 7>, <3, 3>, <9, 0> ]; A=<a^6*t^2 + 1, t^3 + a^6>; f=x^9 + 6*x^8 + 6*x^7 + (3*a + 3)*x^3 + 12; Aut=3T1; Gal=9T4
Q9; n=9; d=2*p^15+...; I=[ 7, 3, 0 ]; R=[ <1, 7>, <3, 3>, <9, 0> ]; A=<a^6*t^2 + 1, t^3 + a^6>; f=x^9 + 6*a*x^8 + 6*x^7 + (3*a + 3)*x^3 + 12; Aut=3T1; Gal=9T12
Q9; n=9; d=2*p^15+...; I=[ 7, 3, 0 ]; R=[ <1, 7>, <3, 3>, <9, 0> ]; A=<a^6*t^2 + 1, t^3 + a^6>; f=x^9 + (6*a + 6)*x^8 + 6*x^7 + (3*a + 3)*x^3 + 12; Aut=3T1; Gal=9T20
Q9; n=9; d=2*p^15+...; I=[ 7, 3, 0 ]; R=[ <1, 7>, <3, 3>, <9, 0> ]; A=<a^6*t^2 + 1, t^3 + a^6>; f=x^9 + (3*a + 6)*x^8 + 6*x^7 + (3*a + 3)*x^3 + 12; Aut=3T1; Gal=9T20
Q9; n=9; d=2*p^15+...; I=[ 7, 3, 0 ]; R=[ <1, 7>, <3, 3>, <9, 0> ]; A=<a^6*t^2 + 1, t^3 + a^6>; f=x^9 + 6*x^7 + (3*a + 3)*x^3 + 12; Aut=3T1; Gal=9T20
Q9; n=9; d=2*p^15+...; I=[ 7, 3, 0 ]; R=[ <1, 7>, <3, 3>, <9, 0> ]; A=<a^6*t^2 + 1, t^3 + a^6>; f=x^9 + 3*x^8 + 6*x^7 + (3*a + 3)*x^3 + 21; Aut=3T1; Gal=9T20
Q9; n=9; d=2*p^15+...; I=[ 7, 3, 0 ]; R=[ <1, 7>, <3, 3>, <9, 0> ]; A=<a^6*t^2 + 1, t^3 + a^6>; f=x^9 + 3*a*x^8 + 6*x^7 + (3*a + 3)*x^3 + 21; Aut=3T1; Gal=9T20
Q9; n=9; d=2*p^15+...; I=[ 7, 3, 0 ]; R=[ <1, 7>, <3, 3>, <9, 0> ]; A=<a^6*t^2 + 1, t^3 + a^6>; f=x^9 + (3*a + 3)*x^8 + 6*x^7 + (3*a + 3)*x^3 + 21; Aut=3T1; Gal=9T12
Q9; n=9; d=2*p^15+...; I=[ 7, 3, 0 ]; R=[ <1, 7>, <3, 3>, <9, 0> ]; A=<a^6*t^2 + 1, t^3 + a^6>; f=x^9 + (6*a + 3)*x^8 + 6*x^7 + (3*a + 3)*x^3 + 21; Aut=3T1; Gal=9T20
Q9; n=9; d=2*p^15+...; I=[ 7, 3, 0 ]; R=[ <1, 7>, <3, 3>, <9, 0> ]; A=<a^6*t^2 + 1, t^3 + a^6>; f=x^9 + 6*x^8 + 6*x^7 + (3*a + 3)*x^3 + 21; Aut=3T1; Gal=9T4
Q9; n=9; d=2*p^15+...; I=[ 7, 3, 0 ]; R=[ <1, 7>, <3, 3>, <9, 0> ]; A=<a^6*t^2 + 1, t^3 + a^6>; f=x^9 + 6*a*x^8 + 6*x^7 + (3*a + 3)*x^3 + 21; Aut=3T1; Gal=9T12
Q9; n=9; d=2*p^15+...; I=[ 7, 3, 0 ]; R=[ <1, 7>, <3, 3>, <9, 0> ]; A=<a^6*t^2 + 1, t^3 + a^6>; f=x^9 + (6*a + 6)*x^8 + 6*x^7 + (3*a + 3)*x^3 + 21; Aut=3T1; Gal=9T20
Q9; n=9; d=2*p^15+...; I=[ 7, 3, 0 ]; R=[ <1, 7>, <3, 3>, <9, 0> ]; A=<a^6*t^2 + 1, t^3 + a^6>; f=x^9 + (3*a + 6)*x^8 + 6*x^7 + (3*a + 3)*x^3 + 21; Aut=3T1; Gal=9T20
Q9; n=9; d=2*p^15+...; I=[ 7, 3, 0 ]; R=[ <1, 7>, <3, 3>, <9, 0> ]; A=<a^6*t^2 + 1, t^3 + a^6>; f=x^9 + 6*x^7 + (3*a + 3)*x^3 + 21; Aut=3T1; Gal=9T20
Q9; n=9; d=2*p^15+...; I=[ 7, 3, 0 ]; R=[ <1, 7>, <3, 3>, <9, 0> ]; A=<a^6*t^2 + 1, t^3 + a^6>; f=x^9 + 3*x^8 + 6*x^7 + (3*a + 3)*x^3 + 3; Aut=3T1; Gal=9T20
Q9; n=9; d=2*p^15+...; I=[ 7, 3, 0 ]; R=[ <1, 7>, <3, 3>, <9, 0> ]; A=<a^6*t^2 + 1, t^3 + a^6>; f=x^9 + 3*a*x^8 + 6*x^7 + (3*a + 3)*x^3 + 3; Aut=3T1; Gal=9T20
Q9; n=9; d=2*p^15+...; I=[ 7, 3, 0 ]; R=[ <1, 7>, <3, 3>, <9, 0> ]; A=<a^6*t^2 + 1, t^3 + a^6>; f=x^9 + (3*a + 3)*x^8 + 6*x^7 + (3*a + 3)*x^3 + 3; Aut=3T1; Gal=9T12
Q9; n=9; d=2*p^15+...; I=[ 7, 3, 0 ]; R=[ <1, 7>, <3, 3>, <9, 0> ]; A=<a^6*t^2 + 1, t^3 + a^6>; f=x^9 + (6*a + 3)*x^8 + 6*x^7 + (3*a + 3)*x^3 + 3; Aut=3T1; Gal=9T20
Q9; n=9; d=2*p^15+...; I=[ 7, 3, 0 ]; R=[ <1, 7>, <3, 3>, <9, 0> ]; A=<a^6*t^2 + 1, t^3 + a^6>; f=x^9 + 6*x^8 + 6*x^7 + (3*a + 3)*x^3 + 3; Aut=3T1; Gal=9T4
Q9; n=9; d=2*p^15+...; I=[ 7, 3, 0 ]; R=[ <1, 7>, <3, 3>, <9, 0> ]; A=<a^6*t^2 + 1, t^3 + a^6>; f=x^9 + 6*a*x^8 + 6*x^7 + (3*a + 3)*x^3 + 3; Aut=3T1; Gal=9T12
Q9; n=9; d=2*p^15+...; I=[ 7, 3, 0 ]; R=[ <1, 7>, <3, 3>, <9, 0> ]; A=<a^6*t^2 + 1, t^3 + a^6>; f=x^9 + (6*a + 6)*x^8 + 6*x^7 + (3*a + 3)*x^3 + 3; Aut=3T1; Gal=9T20
Q9; n=9; d=2*p^15+...; I=[ 7, 3, 0 ]; R=[ <1, 7>, <3, 3>, <9, 0> ]; A=<a^6*t^2 + 1, t^3 + a^6>; f=x^9 + (3*a + 6)*x^8 + 6*x^7 + (3*a + 3)*x^3 + 3; Aut=3T1; Gal=9T20
Q9; n=9; d=2*p^15+...; I=[ 7, 3, 0 ]; R=[ <1, 7>, <3, 3>, <9, 0> ]; A=<a^6*t^2 + 1, t^3 + a^6>; f=x^9 + 6*x^7 + (3*a + 3)*x^3 + 3; Aut=3T1; Gal=9T20
Q9; n=9; d=2*p^15+...; I=[ 7, 3, 0 ]; R=[ <1, 7>, <3, 3>, <9, 0> ]; A=<a^7*t^2 + 1, t^3 + a^7>; f=x^9 + 3*x^8 + 6*x^7 + (6*a + 3)*x^3 + 3; Aut=1T1; Gal=9T8
Q9; n=9; d=2*p^15+...; I=[ 7, 3, 0 ]; R=[ <1, 7>, <3, 3>, <9, 0> ]; A=<a^7*t^2 + 1, t^3 + a^7>; f=x^9 + 3*a*x^8 + 6*x^7 + (6*a + 3)*x^3 + 3; Aut=1T1; Gal=9T18
Q9; n=9; d=2*p^15+...; I=[ 7, 3, 0 ]; R=[ <1, 7>, <3, 3>, <9, 0> ]; A=<a^7*t^2 + 1, t^3 + a^7>; f=x^9 + (3*a + 3)*x^8 + 6*x^7 + (6*a + 3)*x^3 + 3; Aut=1T1; Gal=9T18
Q9; n=9; d=2*p^15+...; I=[ 7, 3, 0 ]; R=[ <1, 7>, <3, 3>, <9, 0> ]; A=<a^7*t^2 + 1, t^3 + a^7>; f=x^9 + (6*a + 3)*x^8 + 6*x^7 + (6*a + 3)*x^3 + 3; Aut=1T1; Gal=9T18
Q9; n=9; d=2*p^15+...; I=[ 7, 3, 0 ]; R=[ <1, 7>, <3, 3>, <9, 0> ]; A=<a^7*t^2 + 1, t^3 + a^7>; f=x^9 + 6*x^8 + 6*x^7 + (6*a + 3)*x^3 + 3; Aut=1T1; Gal=9T18
Q9; n=9; d=2*p^15+...; I=[ 7, 3, 0 ]; R=[ <1, 7>, <3, 3>, <9, 0> ]; A=<a^7*t^2 + 1, t^3 + a^7>; f=x^9 + 6*a*x^8 + 6*x^7 + (6*a + 3)*x^3 + 3; Aut=1T1; Gal=9T18
Q9; n=9; d=2*p^15+...; I=[ 7, 3, 0 ]; R=[ <1, 7>, <3, 3>, <9, 0> ]; A=<a^7*t^2 + 1, t^3 + a^7>; f=x^9 + (6*a + 6)*x^8 + 6*x^7 + (6*a + 3)*x^3 + 3; Aut=1T1; Gal=9T18
Q9; n=9; d=2*p^15+...; I=[ 7, 3, 0 ]; R=[ <1, 7>, <3, 3>, <9, 0> ]; A=<a^7*t^2 + 1, t^3 + a^7>; f=x^9 + (3*a + 6)*x^8 + 6*x^7 + (6*a + 3)*x^3 + 3; Aut=1T1; Gal=9T18
Q9; n=9; d=2*p^15+...; I=[ 7, 3, 0 ]; R=[ <1, 7>, <3, 3>, <9, 0> ]; A=<a^7*t^2 + 1, t^3 + a^7>; f=x^9 + 6*x^7 + (6*a + 3)*x^3 + 3; Aut=1T1; Gal=9T18
Q9; n=9; d=a^5*p^15+...; I=[ 7, 3, 0 ]; R=[ <1, 7>, <3, 3>, <9, 0> ]; A=<t^2 + a, t^3 + 1>; f=x^9 + 3*x^8 + 6*a*x^7 + 6*x^3 + 3; Aut=1T1; Gal=9T8
Q9; n=9; d=a^5*p^15+...; I=[ 7, 3, 0 ]; R=[ <1, 7>, <3, 3>, <9, 0> ]; A=<t^2 + a, t^3 + 1>; f=x^9 + 3*a*x^8 + 6*a*x^7 + 6*x^3 + 3; Aut=1T1; Gal=9T18
Q9; n=9; d=a^5*p^15+...; I=[ 7, 3, 0 ]; R=[ <1, 7>, <3, 3>, <9, 0> ]; A=<t^2 + a, t^3 + 1>; f=x^9 + (3*a + 3)*x^8 + 6*a*x^7 + 6*x^3 + 3; Aut=1T1; Gal=9T18
Q9; n=9; d=a^5*p^15+...; I=[ 7, 3, 0 ]; R=[ <1, 7>, <3, 3>, <9, 0> ]; A=<t^2 + a, t^3 + 1>; f=x^9 + (6*a + 3)*x^8 + 6*a*x^7 + 6*x^3 + 3; Aut=1T1; Gal=9T18
Q9; n=9; d=a^5*p^15+...; I=[ 7, 3, 0 ]; R=[ <1, 7>, <3, 3>, <9, 0> ]; A=<t^2 + a, t^3 + 1>; f=x^9 + 6*x^8 + 6*a*x^7 + 6*x^3 + 3; Aut=1T1; Gal=9T18
Q9; n=9; d=a^5*p^15+...; I=[ 7, 3, 0 ]; R=[ <1, 7>, <3, 3>, <9, 0> ]; A=<t^2 + a, t^3 + 1>; f=x^9 + 6*a*x^8 + 6*a*x^7 + 6*x^3 + 3; Aut=1T1; Gal=9T18
Q9; n=9; d=a^5*p^15+...; I=[ 7, 3, 0 ]; R=[ <1, 7>, <3, 3>, <9, 0> ]; A=<t^2 + a, t^3 + 1>; f=x^9 + (6*a + 6)*x^8 + 6*a*x^7 + 6*x^3 + 3; Aut=1T1; Gal=9T18
Q9; n=9; d=a^5*p^15+...; I=[ 7, 3, 0 ]; R=[ <1, 7>, <3, 3>, <9, 0> ]; A=<t^2 + a, t^3 + 1>; f=x^9 + (3*a + 6)*x^8 + 6*a*x^7 + 6*x^3 + 3; Aut=1T1; Gal=9T18
Q9; n=9; d=a^5*p^15+...; I=[ 7, 3, 0 ]; R=[ <1, 7>, <3, 3>, <9, 0> ]; A=<t^2 + a, t^3 + 1>; f=x^9 + 6*a*x^7 + 6*x^3 + 3; Aut=1T1; Gal=9T18
Q9; n=9; d=a^5*p^15+...; I=[ 7, 3, 0 ]; R=[ <1, 7>, <3, 3>, <9, 0> ]; A=<a*t^2 + a, t^3 + a>; f=x^9 + 3*x^8 + 6*a*x^7 + 6*a*x^3 + 12; Aut=3T1; Gal=9T20
Q9; n=9; d=a^5*p^15+...; I=[ 7, 3, 0 ]; R=[ <1, 7>, <3, 3>, <9, 0> ]; A=<a*t^2 + a, t^3 + a>; f=x^9 + 3*a*x^8 + 6*a*x^7 + 6*a*x^3 + 12; Aut=3T1; Gal=9T12
Q9; n=9; d=a^5*p^15+...; I=[ 7, 3, 0 ]; R=[ <1, 7>, <3, 3>, <9, 0> ]; A=<a*t^2 + a, t^3 + a>; f=x^9 + (3*a + 3)*x^8 + 6*a*x^7 + 6*a*x^3 + 12; Aut=3T1; Gal=9T20
Q9; n=9; d=a^5*p^15+...; I=[ 7, 3, 0 ]; R=[ <1, 7>, <3, 3>, <9, 0> ]; A=<a*t^2 + a, t^3 + a>; f=x^9 + (6*a + 3)*x^8 + 6*a*x^7 + 6*a*x^3 + 12; Aut=3T1; Gal=9T12
Q9; n=9; d=a^5*p^15+...; I=[ 7, 3, 0 ]; R=[ <1, 7>, <3, 3>, <9, 0> ]; A=<a*t^2 + a, t^3 + a>; f=x^9 + 6*x^8 + 6*a*x^7 + 6*a*x^3 + 12; Aut=3T1; Gal=9T4
Q9; n=9; d=a^5*p^15+...; I=[ 7, 3, 0 ]; R=[ <1, 7>, <3, 3>, <9, 0> ]; A=<a*t^2 + a, t^3 + a>; f=x^9 + 6*a*x^8 + 6*a*x^7 + 6*a*x^3 + 12; Aut=3T1; Gal=9T20
Q9; n=9; d=a^5*p^15+...; I=[ 7, 3, 0 ]; R=[ <1, 7>, <3, 3>, <9, 0> ]; A=<a*t^2 + a, t^3 + a>; f=x^9 + (6*a + 6)*x^8 + 6*a*x^7 + 6*a*x^3 + 12; Aut=3T1; Gal=9T20
Q9; n=9; d=a^5*p^15+...; I=[ 7, 3, 0 ]; R=[ <1, 7>, <3, 3>, <9, 0> ]; A=<a*t^2 + a, t^3 + a>; f=x^9 + (3*a + 6)*x^8 + 6*a*x^7 + 6*a*x^3 + 12; Aut=3T1; Gal=9T20
Q9; n=9; d=a^5*p^15+...; I=[ 7, 3, 0 ]; R=[ <1, 7>, <3, 3>, <9, 0> ]; A=<a*t^2 + a, t^3 + a>; f=x^9 + 6*a*x^7 + 6*a*x^3 + 12; Aut=3T1; Gal=9T20
Q9; n=9; d=a^5*p^15+...; I=[ 7, 3, 0 ]; R=[ <1, 7>, <3, 3>, <9, 0> ]; A=<a*t^2 + a, t^3 + a>; f=x^9 + 3*x^8 + 6*a*x^7 + 6*a*x^3 + 21; Aut=3T1; Gal=9T20
Q9; n=9; d=a^5*p^15+...; I=[ 7, 3, 0 ]; R=[ <1, 7>, <3, 3>, <9, 0> ]; A=<a*t^2 + a, t^3 + a>; f=x^9 + 3*a*x^8 + 6*a*x^7 + 6*a*x^3 + 21; Aut=3T1; Gal=9T12
Q9; n=9; d=a^5*p^15+...; I=[ 7, 3, 0 ]; R=[ <1, 7>, <3, 3>, <9, 0> ]; A=<a*t^2 + a, t^3 + a>; f=x^9 + (3*a + 3)*x^8 + 6*a*x^7 + 6*a*x^3 + 21; Aut=3T1; Gal=9T20
Q9; n=9; d=a^5*p^15+...; I=[ 7, 3, 0 ]; R=[ <1, 7>, <3, 3>, <9, 0> ]; A=<a*t^2 + a, t^3 + a>; f=x^9 + (6*a + 3)*x^8 + 6*a*x^7 + 6*a*x^3 + 21; Aut=3T1; Gal=9T12
Q9; n=9; d=a^5*p^15+...; I=[ 7, 3, 0 ]; R=[ <1, 7>, <3, 3>, <9, 0> ]; A=<a*t^2 + a, t^3 + a>; f=x^9 + 6*x^8 + 6*a*x^7 + 6*a*x^3 + 21; Aut=3T1; Gal=9T4
Q9; n=9; d=a^5*p^15+...; I=[ 7, 3, 0 ]; R=[ <1, 7>, <3, 3>, <9, 0> ]; A=<a*t^2 + a, t^3 + a>; f=x^9 + 6*a*x^8 + 6*a*x^7 + 6*a*x^3 + 21; Aut=3T1; Gal=9T20
Q9; n=9; d=a^5*p^15+...; I=[ 7, 3, 0 ]; R=[ <1, 7>, <3, 3>, <9, 0> ]; A=<a*t^2 + a, t^3 + a>; f=x^9 + (6*a + 6)*x^8 + 6*a*x^7 + 6*a*x^3 + 21; Aut=3T1; Gal=9T20
Q9; n=9; d=a^5*p^15+...; I=[ 7, 3, 0 ]; R=[ <1, 7>, <3, 3>, <9, 0> ]; A=<a*t^2 + a, t^3 + a>; f=x^9 + (3*a + 6)*x^8 + 6*a*x^7 + 6*a*x^3 + 21; Aut=3T1; Gal=9T20
Q9; n=9; d=a^5*p^15+...; I=[ 7, 3, 0 ]; R=[ <1, 7>, <3, 3>, <9, 0> ]; A=<a*t^2 + a, t^3 + a>; f=x^9 + 6*a*x^7 + 6*a*x^3 + 21; Aut=3T1; Gal=9T20
Q9; n=9; d=a^5*p^15+...; I=[ 7, 3, 0 ]; R=[ <1, 7>, <3, 3>, <9, 0> ]; A=<a*t^2 + a, t^3 + a>; f=x^9 + 3*x^8 + 6*a*x^7 + 6*a*x^3 + 3; Aut=3T1; Gal=9T20
Q9; n=9; d=a^5*p^15+...; I=[ 7, 3, 0 ]; R=[ <1, 7>, <3, 3>, <9, 0> ]; A=<a*t^2 + a, t^3 + a>; f=x^9 + 3*a*x^8 + 6*a*x^7 + 6*a*x^3 + 3; Aut=3T1; Gal=9T12
Q9; n=9; d=a^5*p^15+...; I=[ 7, 3, 0 ]; R=[ <1, 7>, <3, 3>, <9, 0> ]; A=<a*t^2 + a, t^3 + a>; f=x^9 + (3*a + 3)*x^8 + 6*a*x^7 + 6*a*x^3 + 3; Aut=3T1; Gal=9T20
Q9; n=9; d=a^5*p^15+...; I=[ 7, 3, 0 ]; R=[ <1, 7>, <3, 3>, <9, 0> ]; A=<a*t^2 + a, t^3 + a>; f=x^9 + (6*a + 3)*x^8 + 6*a*x^7 + 6*a*x^3 + 3; Aut=3T1; Gal=9T12
Q9; n=9; d=a^5*p^15+...; I=[ 7, 3, 0 ]; R=[ <1, 7>, <3, 3>, <9, 0> ]; A=<a*t^2 + a, t^3 + a>; f=x^9 + 6*x^8 + 6*a*x^7 + 6*a*x^3 + 3; Aut=3T1; Gal=9T4
Q9; n=9; d=a^5*p^15+...; I=[ 7, 3, 0 ]; R=[ <1, 7>, <3, 3>, <9, 0> ]; A=<a*t^2 + a, t^3 + a>; f=x^9 + 6*a*x^8 + 6*a*x^7 + 6*a*x^3 + 3; Aut=3T1; Gal=9T20
Q9; n=9; d=a^5*p^15+...; I=[ 7, 3, 0 ]; R=[ <1, 7>, <3, 3>, <9, 0> ]; A=<a*t^2 + a, t^3 + a>; f=x^9 + (6*a + 6)*x^8 + 6*a*x^7 + 6*a*x^3 + 3; Aut=3T1; Gal=9T20
Q9; n=9; d=a^5*p^15+...; I=[ 7, 3, 0 ]; R=[ <1, 7>, <3, 3>, <9, 0> ]; A=<a*t^2 + a, t^3 + a>; f=x^9 + (3*a + 6)*x^8 + 6*a*x^7 + 6*a*x^3 + 3; Aut=3T1; Gal=9T20
Q9; n=9; d=a^5*p^15+...; I=[ 7, 3, 0 ]; R=[ <1, 7>, <3, 3>, <9, 0> ]; A=<a*t^2 + a, t^3 + a>; f=x^9 + 6*a*x^7 + 6*a*x^3 + 3; Aut=3T1; Gal=9T20
Q9; n=9; d=a^5*p^15+...; I=[ 7, 3, 0 ]; R=[ <1, 7>, <3, 3>, <9, 0> ]; A=<a^2*t^2 + a, t^3 + a^2>; f=x^9 + 3*x^8 + 6*a*x^7 + (6*a + 6)*x^3 + 3; Aut=1T1; Gal=9T8
Q9; n=9; d=a^5*p^15+...; I=[ 7, 3, 0 ]; R=[ <1, 7>, <3, 3>, <9, 0> ]; A=<a^2*t^2 + a, t^3 + a^2>; f=x^9 + 3*a*x^8 + 6*a*x^7 + (6*a + 6)*x^3 + 3; Aut=1T1; Gal=9T18
Q9; n=9; d=a^5*p^15+...; I=[ 7, 3, 0 ]; R=[ <1, 7>, <3, 3>, <9, 0> ]; A=<a^2*t^2 + a, t^3 + a^2>; f=x^9 + (3*a + 3)*x^8 + 6*a*x^7 + (6*a + 6)*x^3 + 3; Aut=1T1; Gal=9T18
Q9; n=9; d=a^5*p^15+...; I=[ 7, 3, 0 ]; R=[ <1, 7>, <3, 3>, <9, 0> ]; A=<a^2*t^2 + a, t^3 + a^2>; f=x^9 + (6*a + 3)*x^8 + 6*a*x^7 + (6*a + 6)*x^3 + 3; Aut=1T1; Gal=9T18
Q9; n=9; d=a^5*p^15+...; I=[ 7, 3, 0 ]; R=[ <1, 7>, <3, 3>, <9, 0> ]; A=<a^2*t^2 + a, t^3 + a^2>; f=x^9 + 6*x^8 + 6*a*x^7 + (6*a + 6)*x^3 + 3; Aut=1T1; Gal=9T18
Q9; n=9; d=a^5*p^15+...; I=[ 7, 3, 0 ]; R=[ <1, 7>, <3, 3>, <9, 0> ]; A=<a^2*t^2 + a, t^3 + a^2>; f=x^9 + 6*a*x^8 + 6*a*x^7 + (6*a + 6)*x^3 + 3; Aut=1T1; Gal=9T18
Q9; n=9; d=a^5*p^15+...; I=[ 7, 3, 0 ]; R=[ <1, 7>, <3, 3>, <9, 0> ]; A=<a^2*t^2 + a, t^3 + a^2>; f=x^9 + (6*a + 6)*x^8 + 6*a*x^7 + (6*a + 6)*x^3 + 3; Aut=1T1; Gal=9T18
Q9; n=9; d=a^5*p^15+...; I=[ 7, 3, 0 ]; R=[ <1, 7>, <3, 3>, <9, 0> ]; A=<a^2*t^2 + a, t^3 + a^2>; f=x^9 + (3*a + 6)*x^8 + 6*a*x^7 + (6*a + 6)*x^3 + 3; Aut=1T1; Gal=9T18
Q9; n=9; d=a^5*p^15+...; I=[ 7, 3, 0 ]; R=[ <1, 7>, <3, 3>, <9, 0> ]; A=<a^2*t^2 + a, t^3 + a^2>; f=x^9 + 6*a*x^7 + (6*a + 6)*x^3 + 3; Aut=1T1; Gal=9T18
Q9; n=9; d=a^5*p^15+...; I=[ 7, 3, 0 ]; R=[ <1, 7>, <3, 3>, <9, 0> ]; A=<a^3*t^2 + a, t^3 + a^3>; f=x^9 + 3*x^8 + 6*a*x^7 + (3*a + 6)*x^3 + 9*a + 3; Aut=3T1; Gal=9T20
Q9; n=9; d=a^5*p^15+...; I=[ 7, 3, 0 ]; R=[ <1, 7>, <3, 3>, <9, 0> ]; A=<a^3*t^2 + a, t^3 + a^3>; f=x^9 + 3*a*x^8 + 6*a*x^7 + (3*a + 6)*x^3 + 9*a + 3; Aut=3T1; Gal=9T20
Q9; n=9; d=a^5*p^15+...; I=[ 7, 3, 0 ]; R=[ <1, 7>, <3, 3>, <9, 0> ]; A=<a^3*t^2 + a, t^3 + a^3>; f=x^9 + (3*a + 3)*x^8 + 6*a*x^7 + (3*a + 6)*x^3 + 9*a + 3; Aut=3T1; Gal=9T12
Q9; n=9; d=a^5*p^15+...; I=[ 7, 3, 0 ]; R=[ <1, 7>, <3, 3>, <9, 0> ]; A=<a^3*t^2 + a, t^3 + a^3>; f=x^9 + (6*a + 3)*x^8 + 6*a*x^7 + (3*a + 6)*x^3 + 9*a + 3; Aut=3T1; Gal=9T20
Q9; n=9; d=a^5*p^15+...; I=[ 7, 3, 0 ]; R=[ <1, 7>, <3, 3>, <9, 0> ]; A=<a^3*t^2 + a, t^3 + a^3>; f=x^9 + 6*x^8 + 6*a*x^7 + (3*a + 6)*x^3 + 9*a + 3; Aut=3T1; Gal=9T4
Q9; n=9; d=a^5*p^15+...; I=[ 7, 3, 0 ]; R=[ <1, 7>, <3, 3>, <9, 0> ]; A=<a^3*t^2 + a, t^3 + a^3>; f=x^9 + 6*a*x^8 + 6*a*x^7 + (3*a + 6)*x^3 + 9*a + 3; Aut=3T1; Gal=9T12
Q9; n=9; d=a^5*p^15+...; I=[ 7, 3, 0 ]; R=[ <1, 7>, <3, 3>, <9, 0> ]; A=<a^3*t^2 + a, t^3 + a^3>; f=x^9 + (6*a + 6)*x^8 + 6*a*x^7 + (3*a + 6)*x^3 + 9*a + 3; Aut=3T1; Gal=9T20
Q9; n=9; d=a^5*p^15+...; I=[ 7, 3, 0 ]; R=[ <1, 7>, <3, 3>, <9, 0> ]; A=<a^3*t^2 + a, t^3 + a^3>; f=x^9 + (3*a + 6)*x^8 + 6*a*x^7 + (3*a + 6)*x^3 + 9*a + 3; Aut=3T1; Gal=9T20
Q9; n=9; d=a^5*p^15+...; I=[ 7, 3, 0 ]; R=[ <1, 7>, <3, 3>, <9, 0> ]; A=<a^3*t^2 + a, t^3 + a^3>; f=x^9 + 6*a*x^7 + (3*a + 6)*x^3 + 9*a + 3; Aut=3T1; Gal=9T20
Q9; n=9; d=a^5*p^15+...; I=[ 7, 3, 0 ]; R=[ <1, 7>, <3, 3>, <9, 0> ]; A=<a^3*t^2 + a, t^3 + a^3>; f=x^9 + 3*x^8 + 6*a*x^7 + (3*a + 6)*x^3 + 18*a + 3; Aut=3T1; Gal=9T20
Q9; n=9; d=a^5*p^15+...; I=[ 7, 3, 0 ]; R=[ <1, 7>, <3, 3>, <9, 0> ]; A=<a^3*t^2 + a, t^3 + a^3>; f=x^9 + 3*a*x^8 + 6*a*x^7 + (3*a + 6)*x^3 + 18*a + 3; Aut=3T1; Gal=9T20
Q9; n=9; d=a^5*p^15+...; I=[ 7, 3, 0 ]; R=[ <1, 7>, <3, 3>, <9, 0> ]; A=<a^3*t^2 + a, t^3 + a^3>; f=x^9 + (3*a + 3)*x^8 + 6*a*x^7 + (3*a + 6)*x^3 + 18*a + 3; Aut=3T1; Gal=9T12
Q9; n=9; d=a^5*p^15+...; I=[ 7, 3, 0 ]; R=[ <1, 7>, <3, 3>, <9, 0> ]; A=<a^3*t^2 + a, t^3 + a^3>; f=x^9 + (6*a + 3)*x^8 + 6*a*x^7 + (3*a + 6)*x^3 + 18*a + 3; Aut=3T1; Gal=9T20
Q9; n=9; d=a^5*p^15+...; I=[ 7, 3, 0 ]; R=[ <1, 7>, <3, 3>, <9, 0> ]; A=<a^3*t^2 + a, t^3 + a^3>; f=x^9 + 6*x^8 + 6*a*x^7 + (3*a + 6)*x^3 + 18*a + 3; Aut=3T1; Gal=9T4
Q9; n=9; d=a^5*p^15+...; I=[ 7, 3, 0 ]; R=[ <1, 7>, <3, 3>, <9, 0> ]; A=<a^3*t^2 + a, t^3 + a^3>; f=x^9 + 6*a*x^8 + 6*a*x^7 + (3*a + 6)*x^3 + 18*a + 3; Aut=3T1; Gal=9T12
Q9; n=9; d=a^5*p^15+...; I=[ 7, 3, 0 ]; R=[ <1, 7>, <3, 3>, <9, 0> ]; A=<a^3*t^2 + a, t^3 + a^3>; f=x^9 + (6*a + 6)*x^8 + 6*a*x^7 + (3*a + 6)*x^3 + 18*a + 3; Aut=3T1; Gal=9T20
Q9; n=9; d=a^5*p^15+...; I=[ 7, 3, 0 ]; R=[ <1, 7>, <3, 3>, <9, 0> ]; A=<a^3*t^2 + a, t^3 + a^3>; f=x^9 + (3*a + 6)*x^8 + 6*a*x^7 + (3*a + 6)*x^3 + 18*a + 3; Aut=3T1; Gal=9T20
Q9; n=9; d=a^5*p^15+...; I=[ 7, 3, 0 ]; R=[ <1, 7>, <3, 3>, <9, 0> ]; A=<a^3*t^2 + a, t^3 + a^3>; f=x^9 + 6*a*x^7 + (3*a + 6)*x^3 + 18*a + 3; Aut=3T1; Gal=9T20
Q9; n=9; d=a^5*p^15+...; I=[ 7, 3, 0 ]; R=[ <1, 7>, <3, 3>, <9, 0> ]; A=<a^3*t^2 + a, t^3 + a^3>; f=x^9 + 3*x^8 + 6*a*x^7 + (3*a + 6)*x^3 + 3; Aut=3T1; Gal=9T20
Q9; n=9; d=a^5*p^15+...; I=[ 7, 3, 0 ]; R=[ <1, 7>, <3, 3>, <9, 0> ]; A=<a^3*t^2 + a, t^3 + a^3>; f=x^9 + 3*a*x^8 + 6*a*x^7 + (3*a + 6)*x^3 + 3; Aut=3T1; Gal=9T20
Q9; n=9; d=a^5*p^15+...; I=[ 7, 3, 0 ]; R=[ <1, 7>, <3, 3>, <9, 0> ]; A=<a^3*t^2 + a, t^3 + a^3>; f=x^9 + (3*a + 3)*x^8 + 6*a*x^7 + (3*a + 6)*x^3 + 3; Aut=3T1; Gal=9T12
Q9; n=9; d=a^5*p^15+...; I=[ 7, 3, 0 ]; R=[ <1, 7>, <3, 3>, <9, 0> ]; A=<a^3*t^2 + a, t^3 + a^3>; f=x^9 + (6*a + 3)*x^8 + 6*a*x^7 + (3*a + 6)*x^3 + 3; Aut=3T1; Gal=9T20
Q9; n=9; d=a^5*p^15+...; I=[ 7, 3, 0 ]; R=[ <1, 7>, <3, 3>, <9, 0> ]; A=<a^3*t^2 + a, t^3 + a^3>; f=x^9 + 6*x^8 + 6*a*x^7 + (3*a + 6)*x^3 + 3; Aut=3T1; Gal=9T4
Q9; n=9; d=a^5*p^15+...; I=[ 7, 3, 0 ]; R=[ <1, 7>, <3, 3>, <9, 0> ]; A=<a^3*t^2 + a, t^3 + a^3>; f=x^9 + 6*a*x^8 + 6*a*x^7 + (3*a + 6)*x^3 + 3; Aut=3T1; Gal=9T12
Q9; n=9; d=a^5*p^15+...; I=[ 7, 3, 0 ]; R=[ <1, 7>, <3, 3>, <9, 0> ]; A=<a^3*t^2 + a, t^3 + a^3>; f=x^9 + (6*a + 6)*x^8 + 6*a*x^7 + (3*a + 6)*x^3 + 3; Aut=3T1; Gal=9T20
Q9; n=9; d=a^5*p^15+...; I=[ 7, 3, 0 ]; R=[ <1, 7>, <3, 3>, <9, 0> ]; A=<a^3*t^2 + a, t^3 + a^3>; f=x^9 + (3*a + 6)*x^8 + 6*a*x^7 + (3*a + 6)*x^3 + 3; Aut=3T1; Gal=9T20
Q9; n=9; d=a^5*p^15+...; I=[ 7, 3, 0 ]; R=[ <1, 7>, <3, 3>, <9, 0> ]; A=<a^3*t^2 + a, t^3 + a^3>; f=x^9 + 6*a*x^7 + (3*a + 6)*x^3 + 3; Aut=3T1; Gal=9T20
Q9; n=9; d=a^5*p^15+...; I=[ 7, 3, 0 ]; R=[ <1, 7>, <3, 3>, <9, 0> ]; A=<2*t^2 + a, t^3 + 2>; f=x^9 + 3*x^8 + 6*a*x^7 + 3*x^3 + 3; Aut=1T1; Gal=9T8
Q9; n=9; d=a^5*p^15+...; I=[ 7, 3, 0 ]; R=[ <1, 7>, <3, 3>, <9, 0> ]; A=<2*t^2 + a, t^3 + 2>; f=x^9 + 3*a*x^8 + 6*a*x^7 + 3*x^3 + 3; Aut=1T1; Gal=9T18
Q9; n=9; d=a^5*p^15+...; I=[ 7, 3, 0 ]; R=[ <1, 7>, <3, 3>, <9, 0> ]; A=<2*t^2 + a, t^3 + 2>; f=x^9 + (3*a + 3)*x^8 + 6*a*x^7 + 3*x^3 + 3; Aut=1T1; Gal=9T18
Q9; n=9; d=a^5*p^15+...; I=[ 7, 3, 0 ]; R=[ <1, 7>, <3, 3>, <9, 0> ]; A=<2*t^2 + a, t^3 + 2>; f=x^9 + (6*a + 3)*x^8 + 6*a*x^7 + 3*x^3 + 3; Aut=1T1; Gal=9T18
Q9; n=9; d=a^5*p^15+...; I=[ 7, 3, 0 ]; R=[ <1, 7>, <3, 3>, <9, 0> ]; A=<2*t^2 + a, t^3 + 2>; f=x^9 + 6*x^8 + 6*a*x^7 + 3*x^3 + 3; Aut=1T1; Gal=9T18
Q9; n=9; d=a^5*p^15+...; I=[ 7, 3, 0 ]; R=[ <1, 7>, <3, 3>, <9, 0> ]; A=<2*t^2 + a, t^3 + 2>; f=x^9 + 6*a*x^8 + 6*a*x^7 + 3*x^3 + 3; Aut=1T1; Gal=9T18
Q9; n=9; d=a^5*p^15+...; I=[ 7, 3, 0 ]; R=[ <1, 7>, <3, 3>, <9, 0> ]; A=<2*t^2 + a, t^3 + 2>; f=x^9 + (6*a + 6)*x^8 + 6*a*x^7 + 3*x^3 + 3; Aut=1T1; Gal=9T18
Q9; n=9; d=a^5*p^15+...; I=[ 7, 3, 0 ]; R=[ <1, 7>, <3, 3>, <9, 0> ]; A=<2*t^2 + a, t^3 + 2>; f=x^9 + (3*a + 6)*x^8 + 6*a*x^7 + 3*x^3 + 3; Aut=1T1; Gal=9T18
Q9; n=9; d=a^5*p^15+...; I=[ 7, 3, 0 ]; R=[ <1, 7>, <3, 3>, <9, 0> ]; A=<2*t^2 + a, t^3 + 2>; f=x^9 + 6*a*x^7 + 3*x^3 + 3; Aut=1T1; Gal=9T18
Q9; n=9; d=a^5*p^15+...; I=[ 7, 3, 0 ]; R=[ <1, 7>, <3, 3>, <9, 0> ]; A=<a^5*t^2 + a, t^3 + a^5>; f=x^9 + 3*x^8 + 6*a*x^7 + 3*a*x^3 + 12; Aut=3T1; Gal=9T12
Q9; n=9; d=a^5*p^15+...; I=[ 7, 3, 0 ]; R=[ <1, 7>, <3, 3>, <9, 0> ]; A=<a^5*t^2 + a, t^3 + a^5>; f=x^9 + 3*a*x^8 + 6*a*x^7 + 3*a*x^3 + 12; Aut=3T1; Gal=9T20
Q9; n=9; d=a^5*p^15+...; I=[ 7, 3, 0 ]; R=[ <1, 7>, <3, 3>, <9, 0> ]; A=<a^5*t^2 + a, t^3 + a^5>; f=x^9 + (3*a + 3)*x^8 + 6*a*x^7 + 3*a*x^3 + 12; Aut=3T1; Gal=9T20
Q9; n=9; d=a^5*p^15+...; I=[ 7, 3, 0 ]; R=[ <1, 7>, <3, 3>, <9, 0> ]; A=<a^5*t^2 + a, t^3 + a^5>; f=x^9 + (6*a + 3)*x^8 + 6*a*x^7 + 3*a*x^3 + 12; Aut=3T1; Gal=9T20
Q9; n=9; d=a^5*p^15+...; I=[ 7, 3, 0 ]; R=[ <1, 7>, <3, 3>, <9, 0> ]; A=<a^5*t^2 + a, t^3 + a^5>; f=x^9 + 6*x^8 + 6*a*x^7 + 3*a*x^3 + 12; Aut=3T1; Gal=9T4
Q9; n=9; d=a^5*p^15+...; I=[ 7, 3, 0 ]; R=[ <1, 7>, <3, 3>, <9, 0> ]; A=<a^5*t^2 + a, t^3 + a^5>; f=x^9 + 6*a*x^8 + 6*a*x^7 + 3*a*x^3 + 12; Aut=3T1; Gal=9T20
Q9; n=9; d=a^5*p^15+...; I=[ 7, 3, 0 ]; R=[ <1, 7>, <3, 3>, <9, 0> ]; A=<a^5*t^2 + a, t^3 + a^5>; f=x^9 + (6*a + 6)*x^8 + 6*a*x^7 + 3*a*x^3 + 12; Aut=3T1; Gal=9T20
Q9; n=9; d=a^5*p^15+...; I=[ 7, 3, 0 ]; R=[ <1, 7>, <3, 3>, <9, 0> ]; A=<a^5*t^2 + a, t^3 + a^5>; f=x^9 + (3*a + 6)*x^8 + 6*a*x^7 + 3*a*x^3 + 12; Aut=3T1; Gal=9T20
Q9; n=9; d=a^5*p^15+...; I=[ 7, 3, 0 ]; R=[ <1, 7>, <3, 3>, <9, 0> ]; A=<a^5*t^2 + a, t^3 + a^5>; f=x^9 + 6*a*x^7 + 3*a*x^3 + 12; Aut=3T1; Gal=9T12
Q9; n=9; d=a^5*p^15+...; I=[ 7, 3, 0 ]; R=[ <1, 7>, <3, 3>, <9, 0> ]; A=<a^5*t^2 + a, t^3 + a^5>; f=x^9 + 3*x^8 + 6*a*x^7 + 3*a*x^3 + 21; Aut=3T1; Gal=9T12
Q9; n=9; d=a^5*p^15+...; I=[ 7, 3, 0 ]; R=[ <1, 7>, <3, 3>, <9, 0> ]; A=<a^5*t^2 + a, t^3 + a^5>; f=x^9 + 3*a*x^8 + 6*a*x^7 + 3*a*x^3 + 21; Aut=3T1; Gal=9T20
Q9; n=9; d=a^5*p^15+...; I=[ 7, 3, 0 ]; R=[ <1, 7>, <3, 3>, <9, 0> ]; A=<a^5*t^2 + a, t^3 + a^5>; f=x^9 + (3*a + 3)*x^8 + 6*a*x^7 + 3*a*x^3 + 21; Aut=3T1; Gal=9T20
Q9; n=9; d=a^5*p^15+...; I=[ 7, 3, 0 ]; R=[ <1, 7>, <3, 3>, <9, 0> ]; A=<a^5*t^2 + a, t^3 + a^5>; f=x^9 + (6*a + 3)*x^8 + 6*a*x^7 + 3*a*x^3 + 21; Aut=3T1; Gal=9T20
Q9; n=9; d=a^5*p^15+...; I=[ 7, 3, 0 ]; R=[ <1, 7>, <3, 3>, <9, 0> ]; A=<a^5*t^2 + a, t^3 + a^5>; f=x^9 + 6*x^8 + 6*a*x^7 + 3*a*x^3 + 21; Aut=3T1; Gal=9T4
Q9; n=9; d=a^5*p^15+...; I=[ 7, 3, 0 ]; R=[ <1, 7>, <3, 3>, <9, 0> ]; A=<a^5*t^2 + a, t^3 + a^5>; f=x^9 + 6*a*x^8 + 6*a*x^7 + 3*a*x^3 + 21; Aut=3T1; Gal=9T20
Q9; n=9; d=a^5*p^15+...; I=[ 7, 3, 0 ]; R=[ <1, 7>, <3, 3>, <9, 0> ]; A=<a^5*t^2 + a, t^3 + a^5>; f=x^9 + (6*a + 6)*x^8 + 6*a*x^7 + 3*a*x^3 + 21; Aut=3T1; Gal=9T20
Q9; n=9; d=a^5*p^15+...; I=[ 7, 3, 0 ]; R=[ <1, 7>, <3, 3>, <9, 0> ]; A=<a^5*t^2 + a, t^3 + a^5>; f=x^9 + (3*a + 6)*x^8 + 6*a*x^7 + 3*a*x^3 + 21; Aut=3T1; Gal=9T20
Q9; n=9; d=a^5*p^15+...; I=[ 7, 3, 0 ]; R=[ <1, 7>, <3, 3>, <9, 0> ]; A=<a^5*t^2 + a, t^3 + a^5>; f=x^9 + 6*a*x^7 + 3*a*x^3 + 21; Aut=3T1; Gal=9T12
Q9; n=9; d=a^5*p^15+...; I=[ 7, 3, 0 ]; R=[ <1, 7>, <3, 3>, <9, 0> ]; A=<a^5*t^2 + a, t^3 + a^5>; f=x^9 + 3*x^8 + 6*a*x^7 + 3*a*x^3 + 3; Aut=3T1; Gal=9T12
Q9; n=9; d=a^5*p^15+...; I=[ 7, 3, 0 ]; R=[ <1, 7>, <3, 3>, <9, 0> ]; A=<a^5*t^2 + a, t^3 + a^5>; f=x^9 + 3*a*x^8 + 6*a*x^7 + 3*a*x^3 + 3; Aut=3T1; Gal=9T20
Q9; n=9; d=a^5*p^15+...; I=[ 7, 3, 0 ]; R=[ <1, 7>, <3, 3>, <9, 0> ]; A=<a^5*t^2 + a, t^3 + a^5>; f=x^9 + (3*a + 3)*x^8 + 6*a*x^7 + 3*a*x^3 + 3; Aut=3T1; Gal=9T20
Q9; n=9; d=a^5*p^15+...; I=[ 7, 3, 0 ]; R=[ <1, 7>, <3, 3>, <9, 0> ]; A=<a^5*t^2 + a, t^3 + a^5>; f=x^9 + (6*a + 3)*x^8 + 6*a*x^7 + 3*a*x^3 + 3; Aut=3T1; Gal=9T20
Q9; n=9; d=a^5*p^15+...; I=[ 7, 3, 0 ]; R=[ <1, 7>, <3, 3>, <9, 0> ]; A=<a^5*t^2 + a, t^3 + a^5>; f=x^9 + 6*x^8 + 6*a*x^7 + 3*a*x^3 + 3; Aut=3T1; Gal=9T4
Q9; n=9; d=a^5*p^15+...; I=[ 7, 3, 0 ]; R=[ <1, 7>, <3, 3>, <9, 0> ]; A=<a^5*t^2 + a, t^3 + a^5>; f=x^9 + 6*a*x^8 + 6*a*x^7 + 3*a*x^3 + 3; Aut=3T1; Gal=9T20
Q9; n=9; d=a^5*p^15+...; I=[ 7, 3, 0 ]; R=[ <1, 7>, <3, 3>, <9, 0> ]; A=<a^5*t^2 + a, t^3 + a^5>; f=x^9 + (6*a + 6)*x^8 + 6*a*x^7 + 3*a*x^3 + 3; Aut=3T1; Gal=9T20
Q9; n=9; d=a^5*p^15+...; I=[ 7, 3, 0 ]; R=[ <1, 7>, <3, 3>, <9, 0> ]; A=<a^5*t^2 + a, t^3 + a^5>; f=x^9 + (3*a + 6)*x^8 + 6*a*x^7 + 3*a*x^3 + 3; Aut=3T1; Gal=9T20
Q9; n=9; d=a^5*p^15+...; I=[ 7, 3, 0 ]; R=[ <1, 7>, <3, 3>, <9, 0> ]; A=<a^5*t^2 + a, t^3 + a^5>; f=x^9 + 6*a*x^7 + 3*a*x^3 + 3; Aut=3T1; Gal=9T12
Q9; n=9; d=a^5*p^15+...; I=[ 7, 3, 0 ]; R=[ <1, 7>, <3, 3>, <9, 0> ]; A=<a^6*t^2 + a, t^3 + a^6>; f=x^9 + 3*x^8 + 6*a*x^7 + (3*a + 3)*x^3 + 3; Aut=1T1; Gal=9T8
Q9; n=9; d=a^5*p^15+...; I=[ 7, 3, 0 ]; R=[ <1, 7>, <3, 3>, <9, 0> ]; A=<a^6*t^2 + a, t^3 + a^6>; f=x^9 + 3*a*x^8 + 6*a*x^7 + (3*a + 3)*x^3 + 3; Aut=1T1; Gal=9T18
Q9; n=9; d=a^5*p^15+...; I=[ 7, 3, 0 ]; R=[ <1, 7>, <3, 3>, <9, 0> ]; A=<a^6*t^2 + a, t^3 + a^6>; f=x^9 + (3*a + 3)*x^8 + 6*a*x^7 + (3*a + 3)*x^3 + 3; Aut=1T1; Gal=9T18
Q9; n=9; d=a^5*p^15+...; I=[ 7, 3, 0 ]; R=[ <1, 7>, <3, 3>, <9, 0> ]; A=<a^6*t^2 + a, t^3 + a^6>; f=x^9 + (6*a + 3)*x^8 + 6*a*x^7 + (3*a + 3)*x^3 + 3; Aut=1T1; Gal=9T18
Q9; n=9; d=a^5*p^15+...; I=[ 7, 3, 0 ]; R=[ <1, 7>, <3, 3>, <9, 0> ]; A=<a^6*t^2 + a, t^3 + a^6>; f=x^9 + 6*x^8 + 6*a*x^7 + (3*a + 3)*x^3 + 3; Aut=1T1; Gal=9T18
Q9; n=9; d=a^5*p^15+...; I=[ 7, 3, 0 ]; R=[ <1, 7>, <3, 3>, <9, 0> ]; A=<a^6*t^2 + a, t^3 + a^6>; f=x^9 + 6*a*x^8 + 6*a*x^7 + (3*a + 3)*x^3 + 3; Aut=1T1; Gal=9T18
Q9; n=9; d=a^5*p^15+...; I=[ 7, 3, 0 ]; R=[ <1, 7>, <3, 3>, <9, 0> ]; A=<a^6*t^2 + a, t^3 + a^6>; f=x^9 + (6*a + 6)*x^8 + 6*a*x^7 + (3*a + 3)*x^3 + 3; Aut=1T1; Gal=9T18
Q9; n=9; d=a^5*p^15+...; I=[ 7, 3, 0 ]; R=[ <1, 7>, <3, 3>, <9, 0> ]; A=<a^6*t^2 + a, t^3 + a^6>; f=x^9 + (3*a + 6)*x^8 + 6*a*x^7 + (3*a + 3)*x^3 + 3; Aut=1T1; Gal=9T18
Q9; n=9; d=a^5*p^15+...; I=[ 7, 3, 0 ]; R=[ <1, 7>, <3, 3>, <9, 0> ]; A=<a^6*t^2 + a, t^3 + a^6>; f=x^9 + 6*a*x^7 + (3*a + 3)*x^3 + 3; Aut=1T1; Gal=9T18
Q9; n=9; d=a^5*p^15+...; I=[ 7, 3, 0 ]; R=[ <1, 7>, <3, 3>, <9, 0> ]; A=<a^7*t^2 + a, t^3 + a^7>; f=x^9 + 3*x^8 + 6*a*x^7 + (6*a + 3)*x^3 + 12; Aut=3T1; Gal=9T20
Q9; n=9; d=a^5*p^15+...; I=[ 7, 3, 0 ]; R=[ <1, 7>, <3, 3>, <9, 0> ]; A=<a^7*t^2 + a, t^3 + a^7>; f=x^9 + 3*a*x^8 + 6*a*x^7 + (6*a + 3)*x^3 + 12; Aut=3T1; Gal=9T20
Q9; n=9; d=a^5*p^15+...; I=[ 7, 3, 0 ]; R=[ <1, 7>, <3, 3>, <9, 0> ]; A=<a^7*t^2 + a, t^3 + a^7>; f=x^9 + (3*a + 3)*x^8 + 6*a*x^7 + (6*a + 3)*x^3 + 12; Aut=3T1; Gal=9T20
Q9; n=9; d=a^5*p^15+...; I=[ 7, 3, 0 ]; R=[ <1, 7>, <3, 3>, <9, 0> ]; A=<a^7*t^2 + a, t^3 + a^7>; f=x^9 + (6*a + 3)*x^8 + 6*a*x^7 + (6*a + 3)*x^3 + 12; Aut=3T1; Gal=9T20
Q9; n=9; d=a^5*p^15+...; I=[ 7, 3, 0 ]; R=[ <1, 7>, <3, 3>, <9, 0> ]; A=<a^7*t^2 + a, t^3 + a^7>; f=x^9 + 6*x^8 + 6*a*x^7 + (6*a + 3)*x^3 + 12; Aut=3T1; Gal=9T4
Q9; n=9; d=a^5*p^15+...; I=[ 7, 3, 0 ]; R=[ <1, 7>, <3, 3>, <9, 0> ]; A=<a^7*t^2 + a, t^3 + a^7>; f=x^9 + 6*a*x^8 + 6*a*x^7 + (6*a + 3)*x^3 + 12; Aut=3T1; Gal=9T20
Q9; n=9; d=a^5*p^15+...; I=[ 7, 3, 0 ]; R=[ <1, 7>, <3, 3>, <9, 0> ]; A=<a^7*t^2 + a, t^3 + a^7>; f=x^9 + (6*a + 6)*x^8 + 6*a*x^7 + (6*a + 3)*x^3 + 12; Aut=3T1; Gal=9T12
Q9; n=9; d=a^5*p^15+...; I=[ 7, 3, 0 ]; R=[ <1, 7>, <3, 3>, <9, 0> ]; A=<a^7*t^2 + a, t^3 + a^7>; f=x^9 + (3*a + 6)*x^8 + 6*a*x^7 + (6*a + 3)*x^3 + 12; Aut=3T1; Gal=9T12
Q9; n=9; d=a^5*p^15+...; I=[ 7, 3, 0 ]; R=[ <1, 7>, <3, 3>, <9, 0> ]; A=<a^7*t^2 + a, t^3 + a^7>; f=x^9 + 6*a*x^7 + (6*a + 3)*x^3 + 12; Aut=3T1; Gal=9T20
Q9; n=9; d=a^5*p^15+...; I=[ 7, 3, 0 ]; R=[ <1, 7>, <3, 3>, <9, 0> ]; A=<a^7*t^2 + a, t^3 + a^7>; f=x^9 + 3*x^8 + 6*a*x^7 + (6*a + 3)*x^3 + 21; Aut=3T1; Gal=9T20
Q9; n=9; d=a^5*p^15+...; I=[ 7, 3, 0 ]; R=[ <1, 7>, <3, 3>, <9, 0> ]; A=<a^7*t^2 + a, t^3 + a^7>; f=x^9 + 3*a*x^8 + 6*a*x^7 + (6*a + 3)*x^3 + 21; Aut=3T1; Gal=9T20
Q9; n=9; d=a^5*p^15+...; I=[ 7, 3, 0 ]; R=[ <1, 7>, <3, 3>, <9, 0> ]; A=<a^7*t^2 + a, t^3 + a^7>; f=x^9 + (3*a + 3)*x^8 + 6*a*x^7 + (6*a + 3)*x^3 + 21; Aut=3T1; Gal=9T20
Q9; n=9; d=a^5*p^15+...; I=[ 7, 3, 0 ]; R=[ <1, 7>, <3, 3>, <9, 0> ]; A=<a^7*t^2 + a, t^3 + a^7>; f=x^9 + (6*a + 3)*x^8 + 6*a*x^7 + (6*a + 3)*x^3 + 21; Aut=3T1; Gal=9T20
Q9; n=9; d=a^5*p^15+...; I=[ 7, 3, 0 ]; R=[ <1, 7>, <3, 3>, <9, 0> ]; A=<a^7*t^2 + a, t^3 + a^7>; f=x^9 + 6*x^8 + 6*a*x^7 + (6*a + 3)*x^3 + 21; Aut=3T1; Gal=9T4
Q9; n=9; d=a^5*p^15+...; I=[ 7, 3, 0 ]; R=[ <1, 7>, <3, 3>, <9, 0> ]; A=<a^7*t^2 + a, t^3 + a^7>; f=x^9 + 6*a*x^8 + 6*a*x^7 + (6*a + 3)*x^3 + 21; Aut=3T1; Gal=9T20
Q9; n=9; d=a^5*p^15+...; I=[ 7, 3, 0 ]; R=[ <1, 7>, <3, 3>, <9, 0> ]; A=<a^7*t^2 + a, t^3 + a^7>; f=x^9 + (6*a + 6)*x^8 + 6*a*x^7 + (6*a + 3)*x^3 + 21; Aut=3T1; Gal=9T12
Q9; n=9; d=a^5*p^15+...; I=[ 7, 3, 0 ]; R=[ <1, 7>, <3, 3>, <9, 0> ]; A=<a^7*t^2 + a, t^3 + a^7>; f=x^9 + (3*a + 6)*x^8 + 6*a*x^7 + (6*a + 3)*x^3 + 21; Aut=3T1; Gal=9T12
Q9; n=9; d=a^5*p^15+...; I=[ 7, 3, 0 ]; R=[ <1, 7>, <3, 3>, <9, 0> ]; A=<a^7*t^2 + a, t^3 + a^7>; f=x^9 + 6*a*x^7 + (6*a + 3)*x^3 + 21; Aut=3T1; Gal=9T20
Q9; n=9; d=a^5*p^15+...; I=[ 7, 3, 0 ]; R=[ <1, 7>, <3, 3>, <9, 0> ]; A=<a^7*t^2 + a, t^3 + a^7>; f=x^9 + 3*x^8 + 6*a*x^7 + (6*a + 3)*x^3 + 3; Aut=3T1; Gal=9T20
Q9; n=9; d=a^5*p^15+...; I=[ 7, 3, 0 ]; R=[ <1, 7>, <3, 3>, <9, 0> ]; A=<a^7*t^2 + a, t^3 + a^7>; f=x^9 + 3*a*x^8 + 6*a*x^7 + (6*a + 3)*x^3 + 3; Aut=3T1; Gal=9T20
Q9; n=9; d=a^5*p^15+...; I=[ 7, 3, 0 ]; R=[ <1, 7>, <3, 3>, <9, 0> ]; A=<a^7*t^2 + a, t^3 + a^7>; f=x^9 + (3*a + 3)*x^8 + 6*a*x^7 + (6*a + 3)*x^3 + 3; Aut=3T1; Gal=9T20
Q9; n=9; d=a^5*p^15+...; I=[ 7, 3, 0 ]; R=[ <1, 7>, <3, 3>, <9, 0> ]; A=<a^7*t^2 + a, t^3 + a^7>; f=x^9 + (6*a + 3)*x^8 + 6*a*x^7 + (6*a + 3)*x^3 + 3; Aut=3T1; Gal=9T20
Q9; n=9; d=a^5*p^15+...; I=[ 7, 3, 0 ]; R=[ <1, 7>, <3, 3>, <9, 0> ]; A=<a^7*t^2 + a, t^3 + a^7>; f=x^9 + 6*x^8 + 6*a*x^7 + (6*a + 3)*x^3 + 3; Aut=3T1; Gal=9T4
Q9; n=9; d=a^5*p^15+...; I=[ 7, 3, 0 ]; R=[ <1, 7>, <3, 3>, <9, 0> ]; A=<a^7*t^2 + a, t^3 + a^7>; f=x^9 + 6*a*x^8 + 6*a*x^7 + (6*a + 3)*x^3 + 3; Aut=3T1; Gal=9T20
Q9; n=9; d=a^5*p^15+...; I=[ 7, 3, 0 ]; R=[ <1, 7>, <3, 3>, <9, 0> ]; A=<a^7*t^2 + a, t^3 + a^7>; f=x^9 + (6*a + 6)*x^8 + 6*a*x^7 + (6*a + 3)*x^3 + 3; Aut=3T1; Gal=9T12
Q9; n=9; d=a^5*p^15+...; I=[ 7, 3, 0 ]; R=[ <1, 7>, <3, 3>, <9, 0> ]; A=<a^7*t^2 + a, t^3 + a^7>; f=x^9 + (3*a + 6)*x^8 + 6*a*x^7 + (6*a + 3)*x^3 + 3; Aut=3T1; Gal=9T12
Q9; n=9; d=a^5*p^15+...; I=[ 7, 3, 0 ]; R=[ <1, 7>, <3, 3>, <9, 0> ]; A=<a^7*t^2 + a, t^3 + a^7>; f=x^9 + 6*a*x^7 + (6*a + 3)*x^3 + 3; Aut=3T1; Gal=9T20
Q9; n=9; d=a^6*p^15+...; I=[ 7, 3, 0 ]; R=[ <1, 7>, <3, 3>, <9, 0> ]; A=<t^2 + a^2, t^3 + 1>; f=x^9 + 3*x^8 + (6*a + 6)*x^7 + 6*x^3 + 12; Aut=3T1; Gal=9T20
Q9; n=9; d=a^6*p^15+...; I=[ 7, 3, 0 ]; R=[ <1, 7>, <3, 3>, <9, 0> ]; A=<t^2 + a^2, t^3 + 1>; f=x^9 + 3*a*x^8 + (6*a + 6)*x^7 + 6*x^3 + 12; Aut=3T1; Gal=9T20
Q9; n=9; d=a^6*p^15+...; I=[ 7, 3, 0 ]; R=[ <1, 7>, <3, 3>, <9, 0> ]; A=<t^2 + a^2, t^3 + 1>; f=x^9 + (3*a + 3)*x^8 + (6*a + 6)*x^7 + 6*x^3 + 12; Aut=3T1; Gal=9T12
Q9; n=9; d=a^6*p^15+...; I=[ 7, 3, 0 ]; R=[ <1, 7>, <3, 3>, <9, 0> ]; A=<t^2 + a^2, t^3 + 1>; f=x^9 + (6*a + 3)*x^8 + (6*a + 6)*x^7 + 6*x^3 + 12; Aut=3T1; Gal=9T20
Q9; n=9; d=a^6*p^15+...; I=[ 7, 3, 0 ]; R=[ <1, 7>, <3, 3>, <9, 0> ]; A=<t^2 + a^2, t^3 + 1>; f=x^9 + 6*x^8 + (6*a + 6)*x^7 + 6*x^3 + 12; Aut=3T1; Gal=9T4
Q9; n=9; d=a^6*p^15+...; I=[ 7, 3, 0 ]; R=[ <1, 7>, <3, 3>, <9, 0> ]; A=<t^2 + a^2, t^3 + 1>; f=x^9 + 6*a*x^8 + (6*a + 6)*x^7 + 6*x^3 + 12; Aut=3T1; Gal=9T12
Q9; n=9; d=a^6*p^15+...; I=[ 7, 3, 0 ]; R=[ <1, 7>, <3, 3>, <9, 0> ]; A=<t^2 + a^2, t^3 + 1>; f=x^9 + (6*a + 6)*x^8 + (6*a + 6)*x^7 + 6*x^3 + 12; Aut=3T1; Gal=9T20
Q9; n=9; d=a^6*p^15+...; I=[ 7, 3, 0 ]; R=[ <1, 7>, <3, 3>, <9, 0> ]; A=<t^2 + a^2, t^3 + 1>; f=x^9 + (3*a + 6)*x^8 + (6*a + 6)*x^7 + 6*x^3 + 12; Aut=3T1; Gal=9T20
Q9; n=9; d=a^6*p^15+...; I=[ 7, 3, 0 ]; R=[ <1, 7>, <3, 3>, <9, 0> ]; A=<t^2 + a^2, t^3 + 1>; f=x^9 + (6*a + 6)*x^7 + 6*x^3 + 12; Aut=3T1; Gal=9T20
Q9; n=9; d=a^6*p^15+...; I=[ 7, 3, 0 ]; R=[ <1, 7>, <3, 3>, <9, 0> ]; A=<t^2 + a^2, t^3 + 1>; f=x^9 + 3*x^8 + (6*a + 6)*x^7 + 6*x^3 + 21; Aut=3T1; Gal=9T20
Q9; n=9; d=a^6*p^15+...; I=[ 7, 3, 0 ]; R=[ <1, 7>, <3, 3>, <9, 0> ]; A=<t^2 + a^2, t^3 + 1>; f=x^9 + 3*a*x^8 + (6*a + 6)*x^7 + 6*x^3 + 21; Aut=3T1; Gal=9T20
Q9; n=9; d=a^6*p^15+...; I=[ 7, 3, 0 ]; R=[ <1, 7>, <3, 3>, <9, 0> ]; A=<t^2 + a^2, t^3 + 1>; f=x^9 + (3*a + 3)*x^8 + (6*a + 6)*x^7 + 6*x^3 + 21; Aut=3T1; Gal=9T12
Q9; n=9; d=a^6*p^15+...; I=[ 7, 3, 0 ]; R=[ <1, 7>, <3, 3>, <9, 0> ]; A=<t^2 + a^2, t^3 + 1>; f=x^9 + (6*a + 3)*x^8 + (6*a + 6)*x^7 + 6*x^3 + 21; Aut=3T1; Gal=9T20
Q9; n=9; d=a^6*p^15+...; I=[ 7, 3, 0 ]; R=[ <1, 7>, <3, 3>, <9, 0> ]; A=<t^2 + a^2, t^3 + 1>; f=x^9 + 6*x^8 + (6*a + 6)*x^7 + 6*x^3 + 21; Aut=3T1; Gal=9T4
Q9; n=9; d=a^6*p^15+...; I=[ 7, 3, 0 ]; R=[ <1, 7>, <3, 3>, <9, 0> ]; A=<t^2 + a^2, t^3 + 1>; f=x^9 + 6*a*x^8 + (6*a + 6)*x^7 + 6*x^3 + 21; Aut=3T1; Gal=9T12
Q9; n=9; d=a^6*p^15+...; I=[ 7, 3, 0 ]; R=[ <1, 7>, <3, 3>, <9, 0> ]; A=<t^2 + a^2, t^3 + 1>; f=x^9 + (6*a + 6)*x^8 + (6*a + 6)*x^7 + 6*x^3 + 21; Aut=3T1; Gal=9T20
Q9; n=9; d=a^6*p^15+...; I=[ 7, 3, 0 ]; R=[ <1, 7>, <3, 3>, <9, 0> ]; A=<t^2 + a^2, t^3 + 1>; f=x^9 + (3*a + 6)*x^8 + (6*a + 6)*x^7 + 6*x^3 + 21; Aut=3T1; Gal=9T20
Q9; n=9; d=a^6*p^15+...; I=[ 7, 3, 0 ]; R=[ <1, 7>, <3, 3>, <9, 0> ]; A=<t^2 + a^2, t^3 + 1>; f=x^9 + (6*a + 6)*x^7 + 6*x^3 + 21; Aut=3T1; Gal=9T20
Q9; n=9; d=a^6*p^15+...; I=[ 7, 3, 0 ]; R=[ <1, 7>, <3, 3>, <9, 0> ]; A=<t^2 + a^2, t^3 + 1>; f=x^9 + 3*x^8 + (6*a + 6)*x^7 + 6*x^3 + 3; Aut=3T1; Gal=9T20
